[     175ms] [ERROR] Expected a DOM node of type "button" but found "" as available DOM-node(s), this is caused by the SSR'd HTML containing different DOM-nodes compared to the hydrated one.

  in button (at /Users/cnote/projects/dtfc/src/components/scripts/SoliloquyFilters.tsx:79)
  in SoliloquyFilters
 @ http://localhost:4322/node_modules/.vite/deps/chunk-JQF7EWEK.js?v=59ebc1a6:67
[   13479ms] [ERROR] WebSocket connection to 'ws://localhost:4322/?token=DGz7IKsIbk2F' failed:  @ http://localhost:4322/@vite/client:1533
[   13479ms] [LOG] [vite] server connection lost. Polling for restart... @ http://localhost:4322/@vite/client:1695
[   13553ms] [ERROR] WebSocket connection to 'ws://localhost:4322/' failed: Error in connection establishment: net::ERR_CONNECTION_REFUSED @ http://localhost:4322/@vite/client:1766
[   14564ms] [ERROR] WebSocket connection to 'ws://localhost:4322/' failed: Error in connection establishment: net::ERR_CONNECTION_REFUSED @ http://localhost:4322/@vite/client:1766
[   15566ms] [ERROR] WebSocket connection to 'ws://localhost:4322/' failed: Error in connection establishment: net::ERR_CONNECTION_REFUSED @ http://localhost:4322/@vite/client:1766
[   16569ms] [ERROR] WebSocket connection to 'ws://localhost:4322/' failed: Error in connection establishment: net::ERR_CONNECTION_REFUSED @ http://localhost:4322/@vite/client:1766
[   17572ms] [ERROR] WebSocket connection to 'ws://localhost:4322/' failed: Error in connection establishment: net::ERR_CONNECTION_REFUSED @ http://localhost:4322/@vite/client:1766
[   18577ms] [ERROR] WebSocket connection to 'ws://localhost:4322/' failed: Error in connection establishment: net::ERR_CONNECTION_REFUSED @ http://localhost:4322/@vite/client:1766
[   19590ms] [ERROR] WebSocket connection to 'ws://localhost:4322/' failed: Error in connection establishment: net::ERR_CONNECTION_REFUSED @ http://localhost:4322/@vite/client:1766
[   20613ms] [ERROR] WebSocket connection to 'ws://localhost:4322/' failed: Error in connection establishment: net::ERR_CONNECTION_REFUSED @ http://localhost:4322/@vite/client:1766
[   21658ms] [ERROR] WebSocket connection to 'ws://localhost:4322/' failed: Error in connection establishment: net::ERR_CONNECTION_REFUSED @ http://localhost:4322/@vite/client:1766
[   22687ms] [ERROR] WebSocket connection to 'ws://localhost:4322/' failed: Error in connection establishment: net::ERR_CONNECTION_REFUSED @ http://localhost:4322/@vite/client:1766
[   23786ms] [ERROR] WebSocket connection to 'ws://localhost:4322/' failed: Error in connection establishment: net::ERR_CONNECTION_REFUSED @ http://localhost:4322/@vite/client:1766
[   25094ms] [ERROR] WebSocket connection to 'ws://localhost:4322/' failed: Error in connection establishment: net::ERR_CONNECTION_REFUSED @ http://localhost:4322/@vite/client:1766
[   26698ms] [ERROR] WebSocket connection to 'ws://localhost:4322/' failed: Error in connection establishment: net::ERR_CONNECTION_REFUSED @ http://localhost:4322/@vite/client:1766
[   28557ms] [ERROR] WebSocket connection to 'ws://localhost:4322/' failed: Error in connection establishment: net::ERR_CONNECTION_REFUSED @ http://localhost:4322/@vite/client:1766
[   31410ms] [ERROR] WebSocket connection to 'ws://localhost:4322/' failed: Error in connection establishment: net::ERR_CONNECTION_REFUSED @ http://localhost:4322/@vite/client:1766
[   34202ms] [ERROR] WebSocket connection to 'ws://localhost:4322/' failed: Error in connection establishment: net::ERR_CONNECTION_REFUSED @ http://localhost:4322/@vite/client:1766
[   39669ms] [ERROR] WebSocket connection to 'ws://localhost:4322/' failed: Error in connection establishment: net::ERR_CONNECTION_REFUSED @ http://localhost:4322/@vite/client:1766
[   43960ms] [ERROR] WebSocket connection to 'ws://localhost:4322/' failed: Error in connection establishment: net::ERR_CONNECTION_REFUSED @ http://localhost:4322/@vite/client:1766
[   48530ms] [ERROR] WebSocket connection to 'ws://localhost:4322/' failed: Error in connection establishment: net::ERR_CONNECTION_REFUSED @ http://localhost:4322/@vite/client:1766
[   53500ms] [ERROR] WebSocket connection to 'ws://localhost:4322/' failed: Error in connection establishment: net::ERR_CONNECTION_REFUSED @ http://localhost:4322/@vite/client:1766
[   58125ms] [ERROR] WebSocket connection to 'ws://localhost:4322/' failed: Error in connection establishment: net::ERR_CONNECTION_REFUSED @ http://localhost:4322/@vite/client:1766
[   63382ms] [ERROR] WebSocket connection to 'ws://localhost:4322/' failed: Error in connection establishment: net::ERR_CONNECTION_REFUSED @ http://localhost:4322/@vite/client:1766
[   68260ms] [ERROR] WebSocket connection to 'ws://localhost:4322/' failed: Error in connection establishment: net::ERR_CONNECTION_REFUSED @ http://localhost:4322/@vite/client:1766
[   70627ms] [ERROR] WebSocket connection to 'ws://localhost:4322/' failed: Error in connection establishment: net::ERR_CONNECTION_REFUSED @ http://localhost:4322/@vite/client:1766
[   73947ms] [ERROR] WebSocket connection to 'ws://localhost:4322/' failed: Error in connection establishment: net::ERR_CONNECTION_REFUSED @ http://localhost:4322/@vite/client:1766
[   77605ms] [ERROR] WebSocket connection to 'ws://localhost:4322/' failed: Error in connection establishment: net::ERR_CONNECTION_REFUSED @ http://localhost:4322/@vite/client:1766
[   80394ms] [ERROR] WebSocket connection to 'ws://localhost:4322/' failed: Error in connection establishment: net::ERR_CONNECTION_REFUSED @ http://localhost:4322/@vite/client:1766
[   85282ms] [ERROR] WebSocket connection to 'ws://localhost:4322/' failed: Error in connection establishment: net::ERR_CONNECTION_REFUSED @ http://localhost:4322/@vite/client:1766
[   89502ms] [ERROR] WebSocket connection to 'ws://localhost:4322/' failed: Error in connection establishment: net::ERR_CONNECTION_REFUSED @ http://localhost:4322/@vite/client:1766
[   92899ms] [ERROR] WebSocket connection to 'ws://localhost:4322/' failed: Error in connection establishment: net::ERR_CONNECTION_REFUSED @ http://localhost:4322/@vite/client:1766
[   98734ms] [ERROR] WebSocket connection to 'ws://localhost:4322/' failed: Error in connection establishment: net::ERR_CONNECTION_REFUSED @ http://localhost:4322/@vite/client:1766
[  102956ms] [ERROR] WebSocket connection to 'ws://localhost:4322/' failed: Error in connection establishment: net::ERR_CONNECTION_REFUSED @ http://localhost:4322/@vite/client:1766
[  108072ms] [ERROR] WebSocket connection to 'ws://localhost:4322/' failed: Error in connection establishment: net::ERR_CONNECTION_REFUSED @ http://localhost:4322/@vite/client:1766
[  113586ms] [ERROR] WebSocket connection to 'ws://localhost:4322/' failed: Error in connection establishment: net::ERR_CONNECTION_REFUSED @ http://localhost:4322/@vite/client:1766
[  118382ms] [ERROR] WebSocket connection to 'ws://localhost:4322/' failed: Error in connection establishment: net::ERR_CONNECTION_REFUSED @ http://localhost:4322/@vite/client:1766
[  124327ms] [ERROR] WebSocket connection to 'ws://localhost:4322/' failed: Error in connection establishment: net::ERR_CONNECTION_REFUSED @ http://localhost:4322/@vite/client:1766
[  130052ms] [ERROR] WebSocket connection to 'ws://localhost:4322/' failed: Error in connection establishment: net::ERR_CONNECTION_REFUSED @ http://localhost:4322/@vite/client:1766
[  135401ms] [ERROR] WebSocket connection to 'ws://localhost:4322/' failed: Error in connection establishment: net::ERR_CONNECTION_REFUSED @ http://localhost:4322/@vite/client:1766
[  140154ms] [ERROR] WebSocket connection to 'ws://localhost:4322/' failed: Error in connection establishment: net::ERR_CONNECTION_REFUSED @ http://localhost:4322/@vite/client:1766
[  145515ms] [ERROR] WebSocket connection to 'ws://localhost:4322/' failed: Error in connection establishment: net::ERR_CONNECTION_REFUSED @ http://localhost:4322/@vite/client:1766
[  149523ms] [ERROR] WebSocket connection to 'ws://localhost:4322/' failed: Error in connection establishment: net::ERR_CONNECTION_REFUSED @ http://localhost:4322/@vite/client:1766
[  155423ms] [ERROR] WebSocket connection to 'ws://localhost:4322/' failed: Error in connection establishment: net::ERR_CONNECTION_REFUSED @ http://localhost:4322/@vite/client:1766
[  161053ms] [ERROR] WebSocket connection to 'ws://localhost:4322/' failed: Error in connection establishment: net::ERR_CONNECTION_REFUSED @ http://localhost:4322/@vite/client:1766
[  166618ms] [ERROR] WebSocket connection to 'ws://localhost:4322/' failed: Error in connection establishment: net::ERR_CONNECTION_REFUSED @ http://localhost:4322/@vite/client:1766
[  171713ms] [ERROR] WebSocket connection to 'ws://localhost:4322/' failed: Error in connection establishment: net::ERR_CONNECTION_REFUSED @ http://localhost:4322/@vite/client:1766
[  177245ms] [ERROR] WebSocket connection to 'ws://localhost:4322/' failed: Error in connection establishment: net::ERR_CONNECTION_REFUSED @ http://localhost:4322/@vite/client:1766
[  182651ms] [ERROR] WebSocket connection to 'ws://localhost:4322/' failed: Error in connection establishment: net::ERR_CONNECTION_REFUSED @ http://localhost:4322/@vite/client:1766
[  185879ms] [ERROR] WebSocket connection to 'ws://localhost:4322/' failed: Error in connection establishment: net::ERR_CONNECTION_REFUSED @ http://localhost:4322/@vite/client:1766
[  191005ms] [ERROR] WebSocket connection to 'ws://localhost:4322/' failed: Error in connection establishment: net::ERR_CONNECTION_REFUSED @ http://localhost:4322/@vite/client:1766
[  193523ms] [ERROR] WebSocket connection to 'ws://localhost:4322/' failed: Error in connection establishment: net::ERR_CONNECTION_REFUSED @ http://localhost:4322/@vite/client:1766
[  196918ms] [ERROR] WebSocket connection to 'ws://localhost:4322/' failed: Error in connection establishment: net::ERR_CONNECTION_REFUSED @ http://localhost:4322/@vite/client:1766
[  200456ms] [ERROR] WebSocket connection to 'ws://localhost:4322/' failed: Error in connection establishment: net::ERR_CONNECTION_REFUSED @ http://localhost:4322/@vite/client:1766
[  203712ms] [ERROR] WebSocket connection to 'ws://localhost:4322/' failed: Error in connection establishment: net::ERR_CONNECTION_REFUSED @ http://localhost:4322/@vite/client:1766
[  206709ms] [ERROR] WebSocket connection to 'ws://localhost:4322/' failed: Error in connection establishment: net::ERR_CONNECTION_REFUSED @ http://localhost:4322/@vite/client:1766
[  210381ms] [ERROR] WebSocket connection to 'ws://localhost:4322/' failed: Error in connection establishment: net::ERR_CONNECTION_REFUSED @ http://localhost:4322/@vite/client:1766
[  215601ms] [ERROR] WebSocket connection to 'ws://localhost:4322/' failed: Error in connection establishment: net::ERR_CONNECTION_REFUSED @ http://localhost:4322/@vite/client:1766
[  219675ms] [ERROR] WebSocket connection to 'ws://localhost:4322/' failed: Error in connection establishment: net::ERR_CONNECTION_REFUSED @ http://localhost:4322/@vite/client:1766
[  222247ms] [ERROR] WebSocket connection to 'ws://localhost:4322/' failed: Error in connection establishment: net::ERR_CONNECTION_REFUSED @ http://localhost:4322/@vite/client:1766
[  226935ms] [ERROR] WebSocket connection to 'ws://localhost:4322/' failed: Error in connection establishment: net::ERR_CONNECTION_REFUSED @ http://localhost:4322/@vite/client:1766
[  230201ms] [ERROR] WebSocket connection to 'ws://localhost:4322/' failed: Error in connection establishment: net::ERR_CONNECTION_REFUSED @ http://localhost:4322/@vite/client:1766
[  234605ms] [ERROR] WebSocket connection to 'ws://localhost:4322/' failed: Error in connection establishment: net::ERR_CONNECTION_REFUSED @ http://localhost:4322/@vite/client:1766
[  237193ms] [ERROR] WebSocket connection to 'ws://localhost:4322/' failed: Error in connection establishment: net::ERR_CONNECTION_REFUSED @ http://localhost:4322/@vite/client:1766
[  241715ms] [ERROR] WebSocket connection to 'ws://localhost:4322/' failed: Error in connection establishment: net::ERR_CONNECTION_REFUSED @ http://localhost:4322/@vite/client:1766
[  245797ms] [ERROR] WebSocket connection to 'ws://localhost:4322/' failed: Error in connection establishment: net::ERR_CONNECTION_REFUSED @ http://localhost:4322/@vite/client:1766
[  249888ms] [ERROR] WebSocket connection to 'ws://localhost:4322/' failed: Error in connection establishment: net::ERR_CONNECTION_REFUSED @ http://localhost:4322/@vite/client:1766
[  253960ms] [ERROR] WebSocket connection to 'ws://localhost:4322/' failed: Error in connection establishment: net::ERR_CONNECTION_REFUSED @ http://localhost:4322/@vite/client:1766
[  259719ms] [ERROR] WebSocket connection to 'ws://localhost:4322/' failed: Error in connection establishment: net::ERR_CONNECTION_REFUSED @ http://localhost:4322/@vite/client:1766
[  263401ms] [ERROR] WebSocket connection to 'ws://localhost:4322/' failed: Error in connection establishment: net::ERR_CONNECTION_REFUSED @ http://localhost:4322/@vite/client:1766
[  266707ms] [ERROR] WebSocket connection to 'ws://localhost:4322/' failed: Error in connection establishment: net::ERR_CONNECTION_REFUSED @ http://localhost:4322/@vite/client:1766
[  269417ms] [ERROR] WebSocket connection to 'ws://localhost:4322/' failed: Error in connection establishment: net::ERR_CONNECTION_REFUSED @ http://localhost:4322/@vite/client:1766
[  273386ms] [ERROR] WebSocket connection to 'ws://localhost:4322/' failed: Error in connection establishment: net::ERR_CONNECTION_REFUSED @ http://localhost:4322/@vite/client:1766
[  277797ms] [ERROR] WebSocket connection to 'ws://localhost:4322/' failed: Error in connection establishment: net::ERR_CONNECTION_REFUSED @ http://localhost:4322/@vite/client:1766
[  281276ms] [ERROR] WebSocket connection to 'ws://localhost:4322/' failed: Error in connection establishment: net::ERR_CONNECTION_REFUSED @ http://localhost:4322/@vite/client:1766
[  286922ms] [ERROR] WebSocket connection to 'ws://localhost:4322/' failed: Error in connection establishment: net::ERR_CONNECTION_REFUSED @ http://localhost:4322/@vite/client:1766
[  291160ms] [ERROR] WebSocket connection to 'ws://localhost:4322/' failed: Error in connection establishment: net::ERR_CONNECTION_REFUSED @ http://localhost:4322/@vite/client:1766
[  295418ms] [ERROR] WebSocket connection to 'ws://localhost:4322/' failed: Error in connection establishment: net::ERR_CONNECTION_REFUSED @ http://localhost:4322/@vite/client:1766
[  300151ms] [ERROR] WebSocket connection to 'ws://localhost:4322/' failed: Error in connection establishment: net::ERR_CONNECTION_REFUSED @ http://localhost:4322/@vite/client:1766
[  305135ms] [ERROR] WebSocket connection to 'ws://localhost:4322/' failed: Error in connection establishment: net::ERR_CONNECTION_REFUSED @ http://localhost:4322/@vite/client:1766
[  308248ms] [ERROR] WebSocket connection to 'ws://localhost:4322/' failed: Error in connection establishment: net::ERR_CONNECTION_REFUSED @ http://localhost:4322/@vite/client:1766
[  311600ms] [ERROR] WebSocket connection to 'ws://localhost:4322/' failed: Error in connection establishment: net::ERR_CONNECTION_REFUSED @ http://localhost:4322/@vite/client:1766
[  315422ms] [ERROR] WebSocket connection to 'ws://localhost:4322/' failed: Error in connection establishment: net::ERR_CONNECTION_REFUSED @ http://localhost:4322/@vite/client:1766
[  321296ms] [ERROR] WebSocket connection to 'ws://localhost:4322/' failed: Error in connection establishment: net::ERR_CONNECTION_REFUSED @ http://localhost:4322/@vite/client:1766
[  325792ms] [ERROR] WebSocket connection to 'ws://localhost:4322/' failed: Error in connection establishment: net::ERR_CONNECTION_REFUSED @ http://localhost:4322/@vite/client:1766
[  329038ms] [ERROR] WebSocket connection to 'ws://localhost:4322/' failed: Error in connection establishment: net::ERR_CONNECTION_REFUSED @ http://localhost:4322/@vite/client:1766
[  334989ms] [ERROR] WebSocket connection to 'ws://localhost:4322/' failed: Error in connection establishment: net::ERR_CONNECTION_REFUSED @ http://localhost:4322/@vite/client:1766
[  337709ms] [ERROR] WebSocket connection to 'ws://localhost:4322/' failed: Error in connection establishment: net::ERR_CONNECTION_REFUSED @ http://localhost:4322/@vite/client:1766
[  342071ms] [ERROR] WebSocket connection to 'ws://localhost:4322/' failed: Error in connection establishment: net::ERR_CONNECTION_REFUSED @ http://localhost:4322/@vite/client:1766
[  346844ms] [ERROR] WebSocket connection to 'ws://localhost:4322/' failed: Error in connection establishment: net::ERR_CONNECTION_REFUSED @ http://localhost:4322/@vite/client:1766
[  350443ms] [ERROR] WebSocket connection to 'ws://localhost:4322/' failed: Error in connection establishment: net::ERR_CONNECTION_REFUSED @ http://localhost:4322/@vite/client:1766
[  355979ms] [ERROR] WebSocket connection to 'ws://localhost:4322/' failed: Error in connection establishment: net::ERR_CONNECTION_REFUSED @ http://localhost:4322/@vite/client:1766
[  360769ms] [ERROR] WebSocket connection to 'ws://localhost:4322/' failed: Error in connection establishment: net::ERR_CONNECTION_REFUSED @ http://localhost:4322/@vite/client:1766
[  365937ms] [ERROR] WebSocket connection to 'ws://localhost:4322/' failed: Error in connection establishment: net::ERR_CONNECTION_REFUSED @ http://localhost:4322/@vite/client:1766
[  370492ms] [ERROR] WebSocket connection to 'ws://localhost:4322/' failed: Error in connection establishment: net::ERR_CONNECTION_REFUSED @ http://localhost:4322/@vite/client:1766
[  373846ms] [ERROR] WebSocket connection to 'ws://localhost:4322/' failed: Error in connection establishment: net::ERR_CONNECTION_REFUSED @ http://localhost:4322/@vite/client:1766
[  376381ms] [ERROR] WebSocket connection to 'ws://localhost:4322/' failed: Error in connection establishment: net::ERR_CONNECTION_REFUSED @ http://localhost:4322/@vite/client:1766
[  378763ms] [ERROR] WebSocket connection to 'ws://localhost:4322/' failed: Error in connection establishment: net::ERR_CONNECTION_REFUSED @ http://localhost:4322/@vite/client:1766
[  383629ms] [ERROR] WebSocket connection to 'ws://localhost:4322/' failed: Error in connection establishment: net::ERR_CONNECTION_REFUSED @ http://localhost:4322/@vite/client:1766
[  387109ms] [ERROR] WebSocket connection to 'ws://localhost:4322/' failed: Error in connection establishment: net::ERR_CONNECTION_REFUSED @ http://localhost:4322/@vite/client:1766
[  391713ms] [ERROR] WebSocket connection to 'ws://localhost:4322/' failed: Error in connection establishment: net::ERR_CONNECTION_REFUSED @ http://localhost:4322/@vite/client:1766
[  396654ms] [ERROR] WebSocket connection to 'ws://localhost:4322/' failed: Error in connection establishment: net::ERR_CONNECTION_REFUSED @ http://localhost:4322/@vite/client:1766
[  400296ms] [ERROR] WebSocket connection to 'ws://localhost:4322/' failed: Error in connection establishment: net::ERR_CONNECTION_REFUSED @ http://localhost:4322/@vite/client:1766
[  403585ms] [ERROR] WebSocket connection to 'ws://localhost:4322/' failed: Error in connection establishment: net::ERR_CONNECTION_REFUSED @ http://localhost:4322/@vite/client:1766
[  409260ms] [ERROR] WebSocket connection to 'ws://localhost:4322/' failed: Error in connection establishment: net::ERR_CONNECTION_REFUSED @ http://localhost:4322/@vite/client:1766
[  412850ms] [ERROR] WebSocket connection to 'ws://localhost:4322/' failed: Error in connection establishment: net::ERR_CONNECTION_REFUSED @ http://localhost:4322/@vite/client:1766
[  417413ms] [ERROR] WebSocket connection to 'ws://localhost:4322/' failed: Error in connection establishment: net::ERR_CONNECTION_REFUSED @ http://localhost:4322/@vite/client:1766
[  419654ms] [ERROR] WebSocket connection to 'ws://localhost:4322/' failed: Error in connection establishment: net::ERR_CONNECTION_REFUSED @ http://localhost:4322/@vite/client:1766
[  422509ms] [ERROR] WebSocket connection to 'ws://localhost:4322/' failed: Error in connection establishment: net::ERR_CONNECTION_REFUSED @ http://localhost:4322/@vite/client:1766
[  427230ms] [ERROR] WebSocket connection to 'ws://localhost:4322/' failed: Error in connection establishment: net::ERR_CONNECTION_REFUSED @ http://localhost:4322/@vite/client:1766
[  431763ms] [ERROR] WebSocket connection to 'ws://localhost:4322/' failed: Error in connection establishment: net::ERR_CONNECTION_REFUSED @ http://localhost:4322/@vite/client:1766
[  434462ms] [ERROR] WebSocket connection to 'ws://localhost:4322/' failed: Error in connection establishment: net::ERR_CONNECTION_REFUSED @ http://localhost:4322/@vite/client:1766
[  440032ms] [ERROR] WebSocket connection to 'ws://localhost:4322/' failed: Error in connection establishment: net::ERR_CONNECTION_REFUSED @ http://localhost:4322/@vite/client:1766
[  445292ms] [ERROR] WebSocket connection to 'ws://localhost:4322/' failed: Error in connection establishment: net::ERR_CONNECTION_REFUSED @ http://localhost:4322/@vite/client:1766
[  447321ms] [ERROR] WebSocket connection to 'ws://localhost:4322/' failed: Error in connection establishment: net::ERR_CONNECTION_REFUSED @ http://localhost:4322/@vite/client:1766
[  449651ms] [ERROR] WebSocket connection to 'ws://localhost:4322/' failed: Error in connection establishment: net::ERR_CONNECTION_REFUSED @ http://localhost:4322/@vite/client:1766
[  453246ms] [ERROR] WebSocket connection to 'ws://localhost:4322/' failed: Error in connection establishment: net::ERR_CONNECTION_REFUSED @ http://localhost:4322/@vite/client:1766
[  456408ms] [ERROR] WebSocket connection to 'ws://localhost:4322/' failed: Error in connection establishment: net::ERR_CONNECTION_REFUSED @ http://localhost:4322/@vite/client:1766
[  461984ms] [ERROR] WebSocket connection to 'ws://localhost:4322/' failed: Error in connection establishment: net::ERR_CONNECTION_REFUSED @ http://localhost:4322/@vite/client:1766
[  464962ms] [ERROR] WebSocket connection to 'ws://localhost:4322/' failed: Error in connection establishment: net::ERR_CONNECTION_REFUSED @ http://localhost:4322/@vite/client:1766
[  470446ms] [ERROR] WebSocket connection to 'ws://localhost:4322/' failed: Error in connection establishment: net::ERR_CONNECTION_REFUSED @ http://localhost:4322/@vite/client:1766
[  473538ms] [ERROR] WebSocket connection to 'ws://localhost:4322/' failed: Error in connection establishment: net::ERR_CONNECTION_REFUSED @ http://localhost:4322/@vite/client:1766
[  476071ms] [ERROR] WebSocket connection to 'ws://localhost:4322/' failed: Error in connection establishment: net::ERR_CONNECTION_REFUSED @ http://localhost:4322/@vite/client:1766
[  480233ms] [ERROR] WebSocket connection to 'ws://localhost:4322/' failed: Error in connection establishment: net::ERR_CONNECTION_REFUSED @ http://localhost:4322/@vite/client:1766
[  482396ms] [ERROR] WebSocket connection to 'ws://localhost:4322/' failed: Error in connection establishment: net::ERR_CONNECTION_REFUSED @ http://localhost:4322/@vite/client:1766
[  485459ms] [ERROR] WebSocket connection to 'ws://localhost:4322/' failed: Error in connection establishment: net::ERR_CONNECTION_REFUSED @ http://localhost:4322/@vite/client:1766
[  490113ms] [ERROR] WebSocket connection to 'ws://localhost:4322/' failed: Error in connection establishment: net::ERR_CONNECTION_REFUSED @ http://localhost:4322/@vite/client:1766
[  493552ms] [ERROR] WebSocket connection to 'ws://localhost:4322/' failed: Error in connection establishment: net::ERR_CONNECTION_REFUSED @ http://localhost:4322/@vite/client:1766
[  494555ms] [ERROR] WebSocket connection to 'ws://localhost:4322/' failed: Error in connection establishment: net::ERR_CONNECTION_REFUSED @ http://localhost:4322/@vite/client:1766
[  495559ms] [ERROR] WebSocket connection to 'ws://localhost:4322/' failed: Error in connection establishment: net::ERR_CONNECTION_REFUSED @ http://localhost:4322/@vite/client:1766
[  496561ms] [ERROR] WebSocket connection to 'ws://localhost:4322/' failed: Error in connection establishment: net::ERR_CONNECTION_REFUSED @ http://localhost:4322/@vite/client:1766
[  497565ms] [ERROR] WebSocket connection to 'ws://localhost:4322/' failed: Error in connection establishment: net::ERR_CONNECTION_REFUSED @ http://localhost:4322/@vite/client:1766
[  498567ms] [ERROR] WebSocket connection to 'ws://localhost:4322/' failed: Error in connection establishment: net::ERR_CONNECTION_REFUSED @ http://localhost:4322/@vite/client:1766
[  499572ms] [ERROR] WebSocket connection to 'ws://localhost:4322/' failed: Error in connection establishment: net::ERR_CONNECTION_REFUSED @ http://localhost:4322/@vite/client:1766
[  500583ms] [ERROR] WebSocket connection to 'ws://localhost:4322/' failed: Error in connection establishment: net::ERR_CONNECTION_REFUSED @ http://localhost:4322/@vite/client:1766
[  501588ms] [ERROR] WebSocket connection to 'ws://localhost:4322/' failed: Error in connection establishment: net::ERR_CONNECTION_REFUSED @ http://localhost:4322/@vite/client:1766
[  502694ms] [ERROR] WebSocket connection to 'ws://localhost:4322/' failed: Error in connection establishment: net::ERR_CONNECTION_REFUSED @ http://localhost:4322/@vite/client:1766
[  503733ms] [ERROR] WebSocket connection to 'ws://localhost:4322/' failed: Error in connection establishment: net::ERR_CONNECTION_REFUSED @ http://localhost:4322/@vite/client:1766
[  504879ms] [ERROR] WebSocket connection to 'ws://localhost:4322/' failed: Error in connection establishment: net::ERR_CONNECTION_REFUSED @ http://localhost:4322/@vite/client:1766
[  506070ms] [ERROR] WebSocket connection to 'ws://localhost:4322/' failed: Error in connection establishment: net::ERR_CONNECTION_REFUSED @ http://localhost:4322/@vite/client:1766
[  507608ms] [ERROR] WebSocket connection to 'ws://localhost:4322/' failed: Error in connection establishment: net::ERR_CONNECTION_REFUSED @ http://localhost:4322/@vite/client:1766
[  508928ms] [ERROR] WebSocket connection to 'ws://localhost:4322/' failed: Error in connection establishment: net::ERR_CONNECTION_REFUSED @ http://localhost:4322/@vite/client:1766
[  511913ms] [ERROR] WebSocket connection to 'ws://localhost:4322/' failed: Error in connection establishment: net::ERR_CONNECTION_REFUSED @ http://localhost:4322/@vite/client:1766
[  514629ms] [ERROR] WebSocket connection to 'ws://localhost:4322/' failed: Error in connection establishment: net::ERR_CONNECTION_REFUSED @ http://localhost:4322/@vite/client:1766
[  519439ms] [ERROR] WebSocket connection to 'ws://localhost:4322/' failed: Error in connection establishment: net::ERR_CONNECTION_REFUSED @ http://localhost:4322/@vite/client:1766
[  523176ms] [ERROR] WebSocket connection to 'ws://localhost:4322/' failed: Error in connection establishment: net::ERR_CONNECTION_REFUSED @ http://localhost:4322/@vite/client:1766
[  527343ms] [ERROR] WebSocket connection to 'ws://localhost:4322/' failed: Error in connection establishment: net::ERR_CONNECTION_REFUSED @ http://localhost:4322/@vite/client:1766
[  530300ms] [ERROR] WebSocket connection to 'ws://localhost:4322/' failed: Error in connection establishment: net::ERR_CONNECTION_REFUSED @ http://localhost:4322/@vite/client:1766
[  532664ms] [ERROR] WebSocket connection to 'ws://localhost:4322/' failed: Error in connection establishment: net::ERR_CONNECTION_REFUSED @ http://localhost:4322/@vite/client:1766
[  536885ms] [ERROR] WebSocket connection to 'ws://localhost:4322/' failed: Error in connection establishment: net::ERR_CONNECTION_REFUSED @ http://localhost:4322/@vite/client:1766
[  542316ms] [ERROR] WebSocket connection to 'ws://localhost:4322/' failed: Error in connection establishment: net::ERR_CONNECTION_REFUSED @ http://localhost:4322/@vite/client:1766
[  545604ms] [ERROR] WebSocket connection to 'ws://localhost:4322/' failed: Error in connection establishment: net::ERR_CONNECTION_REFUSED @ http://localhost:4322/@vite/client:1766
[  549833ms] [ERROR] WebSocket connection to 'ws://localhost:4322/' failed: Error in connection establishment: net::ERR_CONNECTION_REFUSED @ http://localhost:4322/@vite/client:1766
[  552289ms] [ERROR] WebSocket connection to 'ws://localhost:4322/' failed: Error in connection establishment: net::ERR_CONNECTION_REFUSED @ http://localhost:4322/@vite/client:1766
[  555513ms] [ERROR] WebSocket connection to 'ws://localhost:4322/' failed: Error in connection establishment: net::ERR_CONNECTION_REFUSED @ http://localhost:4322/@vite/client:1766
[  560794ms] [ERROR] WebSocket connection to 'ws://localhost:4322/' failed: Error in connection establishment: net::ERR_CONNECTION_REFUSED @ http://localhost:4322/@vite/client:1766
[  566163ms] [ERROR] WebSocket connection to 'ws://localhost:4322/' failed: Error in connection establishment: net::ERR_CONNECTION_REFUSED @ http://localhost:4322/@vite/client:1766
[  568874ms] [ERROR] WebSocket connection to 'ws://localhost:4322/' failed: Error in connection establishment: net::ERR_CONNECTION_REFUSED @ http://localhost:4322/@vite/client:1766
[  572933ms] [ERROR] WebSocket connection to 'ws://localhost:4322/' failed: Error in connection establishment: net::ERR_CONNECTION_REFUSED @ http://localhost:4322/@vite/client:1766
[  578006ms] [ERROR] WebSocket connection to 'ws://localhost:4322/' failed: Error in connection establishment: net::ERR_CONNECTION_REFUSED @ http://localhost:4322/@vite/client:1766
[  583163ms] [ERROR] WebSocket connection to 'ws://localhost:4322/' failed: Error in connection establishment: net::ERR_CONNECTION_REFUSED @ http://localhost:4322/@vite/client:1766
[  588543ms] [ERROR] WebSocket connection to 'ws://localhost:4322/' failed: Error in connection establishment: net::ERR_CONNECTION_REFUSED @ http://localhost:4322/@vite/client:1766
[  591096ms] [ERROR] WebSocket connection to 'ws://localhost:4322/' failed: Error in connection establishment: net::ERR_CONNECTION_REFUSED @ http://localhost:4322/@vite/client:1766
[  596020ms] [ERROR] WebSocket connection to 'ws://localhost:4322/' failed: Error in connection establishment: net::ERR_CONNECTION_REFUSED @ http://localhost:4322/@vite/client:1766
[  600132ms] [ERROR] WebSocket connection to 'ws://localhost:4322/' failed: Error in connection establishment: net::ERR_CONNECTION_REFUSED @ http://localhost:4322/@vite/client:1766
[  604321ms] [ERROR] WebSocket connection to 'ws://localhost:4322/' failed: Error in connection establishment: net::ERR_CONNECTION_REFUSED @ http://localhost:4322/@vite/client:1766
[  608618ms] [ERROR] WebSocket connection to 'ws://localhost:4322/' failed: Error in connection establishment: net::ERR_CONNECTION_REFUSED @ http://localhost:4322/@vite/client:1766
[  613903ms] [ERROR] WebSocket connection to 'ws://localhost:4322/' failed: Error in connection establishment: net::ERR_CONNECTION_REFUSED @ http://localhost:4322/@vite/client:1766
[  614906ms] [ERROR] WebSocket connection to 'ws://localhost:4322/' failed: Error in connection establishment: net::ERR_CONNECTION_REFUSED @ http://localhost:4322/@vite/client:1766
[  615909ms] [ERROR] WebSocket connection to 'ws://localhost:4322/' failed: Error in connection establishment: net::ERR_CONNECTION_REFUSED @ http://localhost:4322/@vite/client:1766
[  616912ms] [ERROR] WebSocket connection to 'ws://localhost:4322/' failed: Error in connection establishment: net::ERR_CONNECTION_REFUSED @ http://localhost:4322/@vite/client:1766
[  617916ms] [ERROR] WebSocket connection to 'ws://localhost:4322/' failed: Error in connection establishment: net::ERR_CONNECTION_REFUSED @ http://localhost:4322/@vite/client:1766
[  618920ms] [ERROR] WebSocket connection to 'ws://localhost:4322/' failed: Error in connection establishment: net::ERR_CONNECTION_REFUSED @ http://localhost:4322/@vite/client:1766
[  619925ms] [ERROR] WebSocket connection to 'ws://localhost:4322/' failed: Error in connection establishment: net::ERR_CONNECTION_REFUSED @ http://localhost:4322/@vite/client:1766
[  620936ms] [ERROR] WebSocket connection to 'ws://localhost:4322/' failed: Error in connection establishment: net::ERR_CONNECTION_REFUSED @ http://localhost:4322/@vite/client:1766
[  621962ms] [ERROR] WebSocket connection to 'ws://localhost:4322/' failed: Error in connection establishment: net::ERR_CONNECTION_REFUSED @ http://localhost:4322/@vite/client:1766
[  622982ms] [ERROR] WebSocket connection to 'ws://localhost:4322/' failed: Error in connection establishment: net::ERR_CONNECTION_REFUSED @ http://localhost:4322/@vite/client:1766
[  624019ms] [ERROR] WebSocket connection to 'ws://localhost:4322/' failed: Error in connection establishment: net::ERR_CONNECTION_REFUSED @ http://localhost:4322/@vite/client:1766
[  625165ms] [ERROR] WebSocket connection to 'ws://localhost:4322/' failed: Error in connection establishment: net::ERR_CONNECTION_REFUSED @ http://localhost:4322/@vite/client:1766
[  626312ms] [ERROR] WebSocket connection to 'ws://localhost:4322/' failed: Error in connection establishment: net::ERR_CONNECTION_REFUSED @ http://localhost:4322/@vite/client:1766
[  627918ms] [ERROR] WebSocket connection to 'ws://localhost:4322/' failed: Error in connection establishment: net::ERR_CONNECTION_REFUSED @ http://localhost:4322/@vite/client:1766
[  629269ms] [ERROR] WebSocket connection to 'ws://localhost:4322/' failed: Error in connection establishment: net::ERR_CONNECTION_REFUSED @ http://localhost:4322/@vite/client:1766
[  630942ms] [ERROR] WebSocket connection to 'ws://localhost:4322/' failed: Error in connection establishment: net::ERR_CONNECTION_REFUSED @ http://localhost:4322/@vite/client:1766
[  634878ms] [ERROR] WebSocket connection to 'ws://localhost:4322/' failed: Error in connection establishment: net::ERR_CONNECTION_REFUSED @ http://localhost:4322/@vite/client:1766
[  639792ms] [ERROR] WebSocket connection to 'ws://localhost:4322/' failed: Error in connection establishment: net::ERR_CONNECTION_REFUSED @ http://localhost:4322/@vite/client:1766
[  642149ms] [ERROR] WebSocket connection to 'ws://localhost:4322/' failed: Error in connection establishment: net::ERR_CONNECTION_REFUSED @ http://localhost:4322/@vite/client:1766
[  645215ms] [ERROR] WebSocket connection to 'ws://localhost:4322/' failed: Error in connection establishment: net::ERR_CONNECTION_REFUSED @ http://localhost:4322/@vite/client:1766
[  647448ms] [ERROR] WebSocket connection to 'ws://localhost:4322/' failed: Error in connection establishment: net::ERR_CONNECTION_REFUSED @ http://localhost:4322/@vite/client:1766
[  650545ms] [ERROR] WebSocket connection to 'ws://localhost:4322/' failed: Error in connection establishment: net::ERR_CONNECTION_REFUSED @ http://localhost:4322/@vite/client:1766
[  655203ms] [ERROR] WebSocket connection to 'ws://localhost:4322/' failed: Error in connection establishment: net::ERR_CONNECTION_REFUSED @ http://localhost:4322/@vite/client:1766
[  658754ms] [ERROR] WebSocket connection to 'ws://localhost:4322/' failed: Error in connection establishment: net::ERR_CONNECTION_REFUSED @ http://localhost:4322/@vite/client:1766
[  662778ms] [ERROR] WebSocket connection to 'ws://localhost:4322/' failed: Error in connection establishment: net::ERR_CONNECTION_REFUSED @ http://localhost:4322/@vite/client:1766
[  668382ms] [ERROR] WebSocket connection to 'ws://localhost:4322/' failed: Error in connection establishment: net::ERR_CONNECTION_REFUSED @ http://localhost:4322/@vite/client:1766
[  673257ms] [ERROR] WebSocket connection to 'ws://localhost:4322/' failed: Error in connection establishment: net::ERR_CONNECTION_REFUSED @ http://localhost:4322/@vite/client:1766
[  676600ms] [ERROR] WebSocket connection to 'ws://localhost:4322/' failed: Error in connection establishment: net::ERR_CONNECTION_REFUSED @ http://localhost:4322/@vite/client:1766
[  680940ms] [ERROR] WebSocket connection to 'ws://localhost:4322/' failed: Error in connection establishment: net::ERR_CONNECTION_REFUSED @ http://localhost:4322/@vite/client:1766
[  685602ms] [ERROR] WebSocket connection to 'ws://localhost:4322/' failed: Error in connection establishment: net::ERR_CONNECTION_REFUSED @ http://localhost:4322/@vite/client:1766
[  691278ms] [ERROR] WebSocket connection to 'ws://localhost:4322/' failed: Error in connection establishment: net::ERR_CONNECTION_REFUSED @ http://localhost:4322/@vite/client:1766
[  693349ms] [ERROR] WebSocket connection to 'ws://localhost:4322/' failed: Error in connection establishment: net::ERR_CONNECTION_REFUSED @ http://localhost:4322/@vite/client:1766
[  696779ms] [ERROR] WebSocket connection to 'ws://localhost:4322/' failed: Error in connection establishment: net::ERR_CONNECTION_REFUSED @ http://localhost:4322/@vite/client:1766
[  699416ms] [ERROR] WebSocket connection to 'ws://localhost:4322/' failed: Error in connection establishment: net::ERR_CONNECTION_REFUSED @ http://localhost:4322/@vite/client:1766
[  702565ms] [ERROR] WebSocket connection to 'ws://localhost:4322/' failed: Error in connection establishment: net::ERR_CONNECTION_REFUSED @ http://localhost:4322/@vite/client:1766
[  706690ms] [ERROR] WebSocket connection to 'ws://localhost:4322/' failed: Error in connection establishment: net::ERR_CONNECTION_REFUSED @ http://localhost:4322/@vite/client:1766
[  711836ms] [ERROR] WebSocket connection to 'ws://localhost:4322/' failed: Error in connection establishment: net::ERR_CONNECTION_REFUSED @ http://localhost:4322/@vite/client:1766
[  716253ms] [ERROR] WebSocket connection to 'ws://localhost:4322/' failed: Error in connection establishment: net::ERR_CONNECTION_REFUSED @ http://localhost:4322/@vite/client:1766
[  719049ms] [ERROR] WebSocket connection to 'ws://localhost:4322/' failed: Error in connection establishment: net::ERR_CONNECTION_REFUSED @ http://localhost:4322/@vite/client:1766
[  724024ms] [ERROR] WebSocket connection to 'ws://localhost:4322/' failed: Error in connection establishment: net::ERR_CONNECTION_REFUSED @ http://localhost:4322/@vite/client:1766
[  726369ms] [ERROR] WebSocket connection to 'ws://localhost:4322/' failed: Error in connection establishment: net::ERR_CONNECTION_REFUSED @ http://localhost:4322/@vite/client:1766
[  731495ms] [ERROR] WebSocket connection to 'ws://localhost:4322/' failed: Error in connection establishment: net::ERR_CONNECTION_REFUSED @ http://localhost:4322/@vite/client:1766
[  737421ms] [ERROR] WebSocket connection to 'ws://localhost:4322/' failed: Error in connection establishment: net::ERR_CONNECTION_REFUSED @ http://localhost:4322/@vite/client:1766
[  742865ms] [ERROR] WebSocket connection to 'ws://localhost:4322/' failed: Error in connection establishment: net::ERR_CONNECTION_REFUSED @ http://localhost:4322/@vite/client:1766
[  746661ms] [ERROR] WebSocket connection to 'ws://localhost:4322/' failed: Error in connection establishment: net::ERR_CONNECTION_REFUSED @ http://localhost:4322/@vite/client:1766
[  749165ms] [ERROR] WebSocket connection to 'ws://localhost:4322/' failed: Error in connection establishment: net::ERR_CONNECTION_REFUSED @ http://localhost:4322/@vite/client:1766
[  753374ms] [ERROR] WebSocket connection to 'ws://localhost:4322/' failed: Error in connection establishment: net::ERR_CONNECTION_REFUSED @ http://localhost:4322/@vite/client:1766
[  758524ms] [ERROR] WebSocket connection to 'ws://localhost:4322/' failed: Error in connection establishment: net::ERR_CONNECTION_REFUSED @ http://localhost:4322/@vite/client:1766
[  762490ms] [ERROR] WebSocket connection to 'ws://localhost:4322/' failed: Error in connection establishment: net::ERR_CONNECTION_REFUSED @ http://localhost:4322/@vite/client:1766
[  765340ms] [ERROR] WebSocket connection to 'ws://localhost:4322/' failed: Error in connection establishment: net::ERR_CONNECTION_REFUSED @ http://localhost:4322/@vite/client:1766
[  770136ms] [ERROR] WebSocket connection to 'ws://localhost:4322/' failed: Error in connection establishment: net::ERR_CONNECTION_REFUSED @ http://localhost:4322/@vite/client:1766
[  772570ms] [ERROR] WebSocket connection to 'ws://localhost:4322/' failed: Error in connection establishment: net::ERR_CONNECTION_REFUSED @ http://localhost:4322/@vite/client:1766
[  774667ms] [ERROR] WebSocket connection to 'ws://localhost:4322/' failed: Error in connection establishment: net::ERR_CONNECTION_REFUSED @ http://localhost:4322/@vite/client:1766
[  780651ms] [ERROR] WebSocket connection to 'ws://localhost:4322/' failed: Error in connection establishment: net::ERR_CONNECTION_REFUSED @ http://localhost:4322/@vite/client:1766
[  784756ms] [ERROR] WebSocket connection to 'ws://localhost:4322/' failed: Error in connection establishment: net::ERR_CONNECTION_REFUSED @ http://localhost:4322/@vite/client:1766
[  790677ms] [ERROR] WebSocket connection to 'ws://localhost:4322/' failed: Error in connection establishment: net::ERR_CONNECTION_REFUSED @ http://localhost:4322/@vite/client:1766
[  793123ms] [ERROR] WebSocket connection to 'ws://localhost:4322/' failed: Error in connection establishment: net::ERR_CONNECTION_REFUSED @ http://localhost:4322/@vite/client:1766
[  796203ms] [ERROR] WebSocket connection to 'ws://localhost:4322/' failed: Error in connection establishment: net::ERR_CONNECTION_REFUSED @ http://localhost:4322/@vite/client:1766
[  799715ms] [ERROR] WebSocket connection to 'ws://localhost:4322/' failed: Error in connection establishment: net::ERR_CONNECTION_REFUSED @ http://localhost:4322/@vite/client:1766
[  805243ms] [ERROR] WebSocket connection to 'ws://localhost:4322/' failed: Error in connection establishment: net::ERR_CONNECTION_REFUSED @ http://localhost:4322/@vite/client:1766
[  807819ms] [ERROR] WebSocket connection to 'ws://localhost:4322/' failed: Error in connection establishment: net::ERR_CONNECTION_REFUSED @ http://localhost:4322/@vite/client:1766
[  810689ms] [ERROR] WebSocket connection to 'ws://localhost:4322/' failed: Error in connection establishment: net::ERR_CONNECTION_REFUSED @ http://localhost:4322/@vite/client:1766
[  814267ms] [ERROR] WebSocket connection to 'ws://localhost:4322/' failed: Error in connection establishment: net::ERR_CONNECTION_REFUSED @ http://localhost:4322/@vite/client:1766
[  816582ms] [ERROR] WebSocket connection to 'ws://localhost:4322/' failed: Error in connection establishment: net::ERR_CONNECTION_REFUSED @ http://localhost:4322/@vite/client:1766
[  820710ms] [ERROR] WebSocket connection to 'ws://localhost:4322/' failed: Error in connection establishment: net::ERR_CONNECTION_REFUSED @ http://localhost:4322/@vite/client:1766
[  824210ms] [ERROR] WebSocket connection to 'ws://localhost:4322/' failed: Error in connection establishment: net::ERR_CONNECTION_REFUSED @ http://localhost:4322/@vite/client:1766
[  829852ms] [ERROR] WebSocket connection to 'ws://localhost:4322/' failed: Error in connection establishment: net::ERR_CONNECTION_REFUSED @ http://localhost:4322/@vite/client:1766
[  834506ms] [ERROR] WebSocket connection to 'ws://localhost:4322/' failed: Error in connection establishment: net::ERR_CONNECTION_REFUSED @ http://localhost:4322/@vite/client:1766
[  837511ms] [ERROR] WebSocket connection to 'ws://localhost:4322/' failed: Error in connection establishment: net::ERR_CONNECTION_REFUSED @ http://localhost:4322/@vite/client:1766
[  842331ms] [ERROR] WebSocket connection to 'ws://localhost:4322/' failed: Error in connection establishment: net::ERR_CONNECTION_REFUSED @ http://localhost:4322/@vite/client:1766
[  846069ms] [ERROR] WebSocket connection to 'ws://localhost:4322/' failed: Error in connection establishment: net::ERR_CONNECTION_REFUSED @ http://localhost:4322/@vite/client:1766
[  849882ms] [ERROR] WebSocket connection to 'ws://localhost:4322/' failed: Error in connection establishment: net::ERR_CONNECTION_REFUSED @ http://localhost:4322/@vite/client:1766
[  854612ms] [ERROR] WebSocket connection to 'ws://localhost:4322/' failed: Error in connection establishment: net::ERR_CONNECTION_REFUSED @ http://localhost:4322/@vite/client:1766
[  855615ms] [ERROR] WebSocket connection to 'ws://localhost:4322/' failed: Error in connection establishment: net::ERR_CONNECTION_REFUSED @ http://localhost:4322/@vite/client:1766
[  856618ms] [ERROR] WebSocket connection to 'ws://localhost:4322/' failed: Error in connection establishment: net::ERR_CONNECTION_REFUSED @ http://localhost:4322/@vite/client:1766
[  857621ms] [ERROR] WebSocket connection to 'ws://localhost:4322/' failed: Error in connection establishment: net::ERR_CONNECTION_REFUSED @ http://localhost:4322/@vite/client:1766
[  858625ms] [ERROR] WebSocket connection to 'ws://localhost:4322/' failed: Error in connection establishment: net::ERR_CONNECTION_REFUSED @ http://localhost:4322/@vite/client:1766
[  859629ms] [ERROR] WebSocket connection to 'ws://localhost:4322/' failed: Error in connection establishment: net::ERR_CONNECTION_REFUSED @ http://localhost:4322/@vite/client:1766
[  860632ms] [ERROR] WebSocket connection to 'ws://localhost:4322/' failed: Error in connection establishment: net::ERR_CONNECTION_REFUSED @ http://localhost:4322/@vite/client:1766
[  861645ms] [ERROR] WebSocket connection to 'ws://localhost:4322/' failed: Error in connection establishment: net::ERR_CONNECTION_REFUSED @ http://localhost:4322/@vite/client:1766
[  862653ms] [ERROR] WebSocket connection to 'ws://localhost:4322/' failed: Error in connection establishment: net::ERR_CONNECTION_REFUSED @ http://localhost:4322/@vite/client:1766
[  863693ms] [ERROR] WebSocket connection to 'ws://localhost:4322/' failed: Error in connection establishment: net::ERR_CONNECTION_REFUSED @ http://localhost:4322/@vite/client:1766
[  864731ms] [ERROR] WebSocket connection to 'ws://localhost:4322/' failed: Error in connection establishment: net::ERR_CONNECTION_REFUSED @ http://localhost:4322/@vite/client:1766
[  865849ms] [ERROR] WebSocket connection to 'ws://localhost:4322/' failed: Error in connection establishment: net::ERR_CONNECTION_REFUSED @ http://localhost:4322/@vite/client:1766
[  866999ms] [ERROR] WebSocket connection to 'ws://localhost:4322/' failed: Error in connection establishment: net::ERR_CONNECTION_REFUSED @ http://localhost:4322/@vite/client:1766
[  868583ms] [ERROR] WebSocket connection to 'ws://localhost:4322/' failed: Error in connection establishment: net::ERR_CONNECTION_REFUSED @ http://localhost:4322/@vite/client:1766
[  869860ms] [ERROR] WebSocket connection to 'ws://localhost:4322/' failed: Error in connection establishment: net::ERR_CONNECTION_REFUSED @ http://localhost:4322/@vite/client:1766
[  871473ms] [ERROR] WebSocket connection to 'ws://localhost:4322/' failed: Error in connection establishment: net::ERR_CONNECTION_REFUSED @ http://localhost:4322/@vite/client:1766
[  875340ms] [ERROR] WebSocket connection to 'ws://localhost:4322/' failed: Error in connection establishment: net::ERR_CONNECTION_REFUSED @ http://localhost:4322/@vite/client:1766
[  881010ms] [ERROR] WebSocket connection to 'ws://localhost:4322/' failed: Error in connection establishment: net::ERR_CONNECTION_REFUSED @ http://localhost:4322/@vite/client:1766
[  885081ms] [ERROR] WebSocket connection to 'ws://localhost:4322/' failed: Error in connection establishment: net::ERR_CONNECTION_REFUSED @ http://localhost:4322/@vite/client:1766
[  890712ms] [ERROR] WebSocket connection to 'ws://localhost:4322/' failed: Error in connection establishment: net::ERR_CONNECTION_REFUSED @ http://localhost:4322/@vite/client:1766
[  896065ms] [ERROR] WebSocket connection to 'ws://localhost:4322/' failed: Error in connection establishment: net::ERR_CONNECTION_REFUSED @ http://localhost:4322/@vite/client:1766
[  900823ms] [ERROR] WebSocket connection to 'ws://localhost:4322/' failed: Error in connection establishment: net::ERR_CONNECTION_REFUSED @ http://localhost:4322/@vite/client:1766
[  904566ms] [ERROR] WebSocket connection to 'ws://localhost:4322/' failed: Error in connection establishment: net::ERR_CONNECTION_REFUSED @ http://localhost:4322/@vite/client:1766
[  909451ms] [ERROR] WebSocket connection to 'ws://localhost:4322/' failed: Error in connection establishment: net::ERR_CONNECTION_REFUSED @ http://localhost:4322/@vite/client:1766
[  914350ms] [ERROR] WebSocket connection to 'ws://localhost:4322/' failed: Error in connection establishment: net::ERR_CONNECTION_REFUSED @ http://localhost:4322/@vite/client:1766
[  917520ms] [ERROR] WebSocket connection to 'ws://localhost:4322/' failed: Error in connection establishment: net::ERR_CONNECTION_REFUSED @ http://localhost:4322/@vite/client:1766
[  922918ms] [ERROR] WebSocket connection to 'ws://localhost:4322/' failed: Error in connection establishment: net::ERR_CONNECTION_REFUSED @ http://localhost:4322/@vite/client:1766
[  928464ms] [ERROR] WebSocket connection to 'ws://localhost:4322/' failed: Error in connection establishment: net::ERR_CONNECTION_REFUSED @ http://localhost:4322/@vite/client:1766
[  931403ms] [ERROR] WebSocket connection to 'ws://localhost:4322/' failed: Error in connection establishment: net::ERR_CONNECTION_REFUSED @ http://localhost:4322/@vite/client:1766
[  936014ms] [ERROR] WebSocket connection to 'ws://localhost:4322/' failed: Error in connection establishment: net::ERR_CONNECTION_REFUSED @ http://localhost:4322/@vite/client:1766
[  940756ms] [ERROR] WebSocket connection to 'ws://localhost:4322/' failed: Error in connection establishment: net::ERR_CONNECTION_REFUSED @ http://localhost:4322/@vite/client:1766
[  944240ms] [ERROR] WebSocket connection to 'ws://localhost:4322/' failed: Error in connection establishment: net::ERR_CONNECTION_REFUSED @ http://localhost:4322/@vite/client:1766
[  947873ms] [ERROR] WebSocket connection to 'ws://localhost:4322/' failed: Error in connection establishment: net::ERR_CONNECTION_REFUSED @ http://localhost:4322/@vite/client:1766
[  953062ms] [ERROR] WebSocket connection to 'ws://localhost:4322/' failed: Error in connection establishment: net::ERR_CONNECTION_REFUSED @ http://localhost:4322/@vite/client:1766
[  956333ms] [ERROR] WebSocket connection to 'ws://localhost:4322/' failed: Error in connection establishment: net::ERR_CONNECTION_REFUSED @ http://localhost:4322/@vite/client:1766
[  961732ms] [ERROR] WebSocket connection to 'ws://localhost:4322/' failed: Error in connection establishment: net::ERR_CONNECTION_REFUSED @ http://localhost:4322/@vite/client:1766
[  965411ms] [ERROR] WebSocket connection to 'ws://localhost:4322/' failed: Error in connection establishment: net::ERR_CONNECTION_REFUSED @ http://localhost:4322/@vite/client:1766
[  967868ms] [ERROR] WebSocket connection to 'ws://localhost:4322/' failed: Error in connection establishment: net::ERR_CONNECTION_REFUSED @ http://localhost:4322/@vite/client:1766
[  971156ms] [ERROR] WebSocket connection to 'ws://localhost:4322/' failed: Error in connection establishment: net::ERR_CONNECTION_REFUSED @ http://localhost:4322/@vite/client:1766
[  976319ms] [ERROR] WebSocket connection to 'ws://localhost:4322/' failed: Error in connection establishment: net::ERR_CONNECTION_REFUSED @ http://localhost:4322/@vite/client:1766
[  978844ms] [ERROR] WebSocket connection to 'ws://localhost:4322/' failed: Error in connection establishment: net::ERR_CONNECTION_REFUSED @ http://localhost:4322/@vite/client:1766
[  984013ms] [ERROR] WebSocket connection to 'ws://localhost:4322/' failed: Error in connection establishment: net::ERR_CONNECTION_REFUSED @ http://localhost:4322/@vite/client:1766
[  989454ms] [ERROR] WebSocket connection to 'ws://localhost:4322/' failed: Error in connection establishment: net::ERR_CONNECTION_REFUSED @ http://localhost:4322/@vite/client:1766
[  995128ms] [ERROR] WebSocket connection to 'ws://localhost:4322/' failed: Error in connection establishment: net::ERR_CONNECTION_REFUSED @ http://localhost:4322/@vite/client:1766
[  998227ms] [ERROR] WebSocket connection to 'ws://localhost:4322/' failed: Error in connection establishment: net::ERR_CONNECTION_REFUSED @ http://localhost:4322/@vite/client:1766
[ 1002733ms] [ERROR] WebSocket connection to 'ws://localhost:4322/' failed: Error in connection establishment: net::ERR_CONNECTION_REFUSED @ http://localhost:4322/@vite/client:1766
[ 1007477ms] [ERROR] WebSocket connection to 'ws://localhost:4322/' failed: Error in connection establishment: net::ERR_CONNECTION_REFUSED @ http://localhost:4322/@vite/client:1766
[ 1010882ms] [ERROR] WebSocket connection to 'ws://localhost:4322/' failed: Error in connection establishment: net::ERR_CONNECTION_REFUSED @ http://localhost:4322/@vite/client:1766
[ 1014929ms] [ERROR] WebSocket connection to 'ws://localhost:4322/' failed: Error in connection establishment: net::ERR_CONNECTION_REFUSED @ http://localhost:4322/@vite/client:1766
[ 1018061ms] [ERROR] WebSocket connection to 'ws://localhost:4322/' failed: Error in connection establishment: net::ERR_CONNECTION_REFUSED @ http://localhost:4322/@vite/client:1766
[ 1021754ms] [ERROR] WebSocket connection to 'ws://localhost:4322/' failed: Error in connection establishment: net::ERR_CONNECTION_REFUSED @ http://localhost:4322/@vite/client:1766
[ 1027149ms] [ERROR] WebSocket connection to 'ws://localhost:4322/' failed: Error in connection establishment: net::ERR_CONNECTION_REFUSED @ http://localhost:4322/@vite/client:1766
[ 1029294ms] [ERROR] WebSocket connection to 'ws://localhost:4322/' failed: Error in connection establishment: net::ERR_CONNECTION_REFUSED @ http://localhost:4322/@vite/client:1766
[ 1032098ms] [ERROR] WebSocket connection to 'ws://localhost:4322/' failed: Error in connection establishment: net::ERR_CONNECTION_REFUSED @ http://localhost:4322/@vite/client:1766
[ 1034558ms] [ERROR] WebSocket connection to 'ws://localhost:4322/' failed: Error in connection establishment: net::ERR_CONNECTION_REFUSED @ http://localhost:4322/@vite/client:1766
[ 1038752ms] [ERROR] WebSocket connection to 'ws://localhost:4322/' failed: Error in connection establishment: net::ERR_CONNECTION_REFUSED @ http://localhost:4322/@vite/client:1766
[ 1044545ms] [ERROR] WebSocket connection to 'ws://localhost:4322/' failed: Error in connection establishment: net::ERR_CONNECTION_REFUSED @ http://localhost:4322/@vite/client:1766
[ 1047412ms] [ERROR] WebSocket connection to 'ws://localhost:4322/' failed: Error in connection establishment: net::ERR_CONNECTION_REFUSED @ http://localhost:4322/@vite/client:1766
[ 1051009ms] [ERROR] WebSocket connection to 'ws://localhost:4322/' failed: Error in connection establishment: net::ERR_CONNECTION_REFUSED @ http://localhost:4322/@vite/client:1766
[ 1053680ms] [ERROR] WebSocket connection to 'ws://localhost:4322/' failed: Error in connection establishment: net::ERR_CONNECTION_REFUSED @ http://localhost:4322/@vite/client:1766
[ 1057328ms] [ERROR] WebSocket connection to 'ws://localhost:4322/' failed: Error in connection establishment: net::ERR_CONNECTION_REFUSED @ http://localhost:4322/@vite/client:1766
[ 1059618ms] [ERROR] WebSocket connection to 'ws://localhost:4322/' failed: Error in connection establishment: net::ERR_CONNECTION_REFUSED @ http://localhost:4322/@vite/client:1766
[ 1062670ms] [ERROR] WebSocket connection to 'ws://localhost:4322/' failed: Error in connection establishment: net::ERR_CONNECTION_REFUSED @ http://localhost:4322/@vite/client:1766
[ 1066504ms] [ERROR] WebSocket connection to 'ws://localhost:4322/' failed: Error in connection establishment: net::ERR_CONNECTION_REFUSED @ http://localhost:4322/@vite/client:1766
[ 1072486ms] [ERROR] WebSocket connection to 'ws://localhost:4322/' failed: Error in connection establishment: net::ERR_CONNECTION_REFUSED @ http://localhost:4322/@vite/client:1766
[ 1078236ms] [ERROR] WebSocket connection to 'ws://localhost:4322/' failed: Error in connection establishment: net::ERR_CONNECTION_REFUSED @ http://localhost:4322/@vite/client:1766
[ 1080813ms] [ERROR] WebSocket connection to 'ws://localhost:4322/' failed: Error in connection establishment: net::ERR_CONNECTION_REFUSED @ http://localhost:4322/@vite/client:1766
[ 1085282ms] [ERROR] WebSocket connection to 'ws://localhost:4322/' failed: Error in connection establishment: net::ERR_CONNECTION_REFUSED @ http://localhost:4322/@vite/client:1766
[ 1088520ms] [ERROR] WebSocket connection to 'ws://localhost:4322/' failed: Error in connection establishment: net::ERR_CONNECTION_REFUSED @ http://localhost:4322/@vite/client:1766
[ 1091007ms] [ERROR] WebSocket connection to 'ws://localhost:4322/' failed: Error in connection establishment: net::ERR_CONNECTION_REFUSED @ http://localhost:4322/@vite/client:1766
[ 1096345ms] [ERROR] WebSocket connection to 'ws://localhost:4322/' failed: Error in connection establishment: net::ERR_CONNECTION_REFUSED @ http://localhost:4322/@vite/client:1766
[ 1100983ms] [ERROR] WebSocket connection to 'ws://localhost:4322/' failed: Error in connection establishment: net::ERR_CONNECTION_REFUSED @ http://localhost:4322/@vite/client:1766
[ 1106107ms] [ERROR] WebSocket connection to 'ws://localhost:4322/' failed: Error in connection establishment: net::ERR_CONNECTION_REFUSED @ http://localhost:4322/@vite/client:1766
[ 1108917ms] [ERROR] WebSocket connection to 'ws://localhost:4322/' failed: Error in connection establishment: net::ERR_CONNECTION_REFUSED @ http://localhost:4322/@vite/client:1766
[ 1112886ms] [ERROR] WebSocket connection to 'ws://localhost:4322/' failed: Error in connection establishment: net::ERR_CONNECTION_REFUSED @ http://localhost:4322/@vite/client:1766
[ 1116991ms] [ERROR] WebSocket connection to 'ws://localhost:4322/' failed: Error in connection establishment: net::ERR_CONNECTION_REFUSED @ http://localhost:4322/@vite/client:1766
[ 1119582ms] [ERROR] WebSocket connection to 'ws://localhost:4322/' failed: Error in connection establishment: net::ERR_CONNECTION_REFUSED @ http://localhost:4322/@vite/client:1766
[ 1124056ms] [ERROR] WebSocket connection to 'ws://localhost:4322/' failed: Error in connection establishment: net::ERR_CONNECTION_REFUSED @ http://localhost:4322/@vite/client:1766
[ 1126423ms] [ERROR] WebSocket connection to 'ws://localhost:4322/' failed: Error in connection establishment: net::ERR_CONNECTION_REFUSED @ http://localhost:4322/@vite/client:1766
[ 1131420ms] [ERROR] WebSocket connection to 'ws://localhost:4322/' failed: Error in connection establishment: net::ERR_CONNECTION_REFUSED @ http://localhost:4322/@vite/client:1766
[ 1136805ms] [ERROR] WebSocket connection to 'ws://localhost:4322/' failed: Error in connection establishment: net::ERR_CONNECTION_REFUSED @ http://localhost:4322/@vite/client:1766
[ 1139413ms] [ERROR] WebSocket connection to 'ws://localhost:4322/' failed: Error in connection establishment: net::ERR_CONNECTION_REFUSED @ http://localhost:4322/@vite/client:1766
[ 1143167ms] [ERROR] WebSocket connection to 'ws://localhost:4322/' failed: Error in connection establishment: net::ERR_CONNECTION_REFUSED @ http://localhost:4322/@vite/client:1766
[ 1146833ms] [ERROR] WebSocket connection to 'ws://localhost:4322/' failed: Error in connection establishment: net::ERR_CONNECTION_REFUSED @ http://localhost:4322/@vite/client:1766
[ 1149045ms] [ERROR] WebSocket connection to 'ws://localhost:4322/' failed: Error in connection establishment: net::ERR_CONNECTION_REFUSED @ http://localhost:4322/@vite/client:1766
[ 1154236ms] [ERROR] WebSocket connection to 'ws://localhost:4322/' failed: Error in connection establishment: net::ERR_CONNECTION_REFUSED @ http://localhost:4322/@vite/client:1766
[ 1159032ms] [ERROR] WebSocket connection to 'ws://localhost:4322/' failed: Error in connection establishment: net::ERR_CONNECTION_REFUSED @ http://localhost:4322/@vite/client:1766
[ 1163269ms] [ERROR] WebSocket connection to 'ws://localhost:4322/' failed: Error in connection establishment: net::ERR_CONNECTION_REFUSED @ http://localhost:4322/@vite/client:1766
[ 1165398ms] [ERROR] WebSocket connection to 'ws://localhost:4322/' failed: Error in connection establishment: net::ERR_CONNECTION_REFUSED @ http://localhost:4322/@vite/client:1766
[ 1167932ms] [ERROR] WebSocket connection to 'ws://localhost:4322/' failed: Error in connection establishment: net::ERR_CONNECTION_REFUSED @ http://localhost:4322/@vite/client:1766
[ 1170333ms] [ERROR] WebSocket connection to 'ws://localhost:4322/' failed: Error in connection establishment: net::ERR_CONNECTION_REFUSED @ http://localhost:4322/@vite/client:1766
[ 1175636ms] [ERROR] WebSocket connection to 'ws://localhost:4322/' failed: Error in connection establishment: net::ERR_CONNECTION_REFUSED @ http://localhost:4322/@vite/client:1766
[ 1180295ms] [ERROR] WebSocket connection to 'ws://localhost:4322/' failed: Error in connection establishment: net::ERR_CONNECTION_REFUSED @ http://localhost:4322/@vite/client:1766
[ 1184774ms] [ERROR] WebSocket connection to 'ws://localhost:4322/' failed: Error in connection establishment: net::ERR_CONNECTION_REFUSED @ http://localhost:4322/@vite/client:1766
[ 1188703ms] [ERROR] WebSocket connection to 'ws://localhost:4322/' failed: Error in connection establishment: net::ERR_CONNECTION_REFUSED @ http://localhost:4322/@vite/client:1766
[ 1193615ms] [ERROR] WebSocket connection to 'ws://localhost:4322/' failed: Error in connection establishment: net::ERR_CONNECTION_REFUSED @ http://localhost:4322/@vite/client:1766
[ 1199211ms] [ERROR] WebSocket connection to 'ws://localhost:4322/' failed: Error in connection establishment: net::ERR_CONNECTION_REFUSED @ http://localhost:4322/@vite/client:1766
[ 1202138ms] [ERROR] WebSocket connection to 'ws://localhost:4322/' failed: Error in connection establishment: net::ERR_CONNECTION_REFUSED @ http://localhost:4322/@vite/client:1766
[ 1204262ms] [ERROR] WebSocket connection to 'ws://localhost:4322/' failed: Error in connection establishment: net::ERR_CONNECTION_REFUSED @ http://localhost:4322/@vite/client:1766
[ 1208769ms] [ERROR] WebSocket connection to 'ws://localhost:4322/' failed: Error in connection establishment: net::ERR_CONNECTION_REFUSED @ http://localhost:4322/@vite/client:1766
[ 1213936ms] [ERROR] WebSocket connection to 'ws://localhost:4322/' failed: Error in connection establishment: net::ERR_CONNECTION_REFUSED @ http://localhost:4322/@vite/client:1766
[ 1218419ms] [ERROR] WebSocket connection to 'ws://localhost:4322/' failed: Error in connection establishment: net::ERR_CONNECTION_REFUSED @ http://localhost:4322/@vite/client:1766
[ 1220638ms] [ERROR] WebSocket connection to 'ws://localhost:4322/' failed: Error in connection establishment: net::ERR_CONNECTION_REFUSED @ http://localhost:4322/@vite/client:1766
[ 1225749ms] [ERROR] WebSocket connection to 'ws://localhost:4322/' failed: Error in connection establishment: net::ERR_CONNECTION_REFUSED @ http://localhost:4322/@vite/client:1766
[ 1229037ms] [ERROR] WebSocket connection to 'ws://localhost:4322/' failed: Error in connection establishment: net::ERR_CONNECTION_REFUSED @ http://localhost:4322/@vite/client:1766
[ 1232862ms] [ERROR] WebSocket connection to 'ws://localhost:4322/' failed: Error in connection establishment: net::ERR_CONNECTION_REFUSED @ http://localhost:4322/@vite/client:1766
[ 1238017ms] [ERROR] WebSocket connection to 'ws://localhost:4322/' failed: Error in connection establishment: net::ERR_CONNECTION_REFUSED @ http://localhost:4322/@vite/client:1766
[ 1243378ms] [ERROR] WebSocket connection to 'ws://localhost:4322/' failed: Error in connection establishment: net::ERR_CONNECTION_REFUSED @ http://localhost:4322/@vite/client:1766
[ 1246338ms] [ERROR] WebSocket connection to 'ws://localhost:4322/' failed: Error in connection establishment: net::ERR_CONNECTION_REFUSED @ http://localhost:4322/@vite/client:1766
[ 1248439ms] [ERROR] WebSocket connection to 'ws://localhost:4322/' failed: Error in connection establishment: net::ERR_CONNECTION_REFUSED @ http://localhost:4322/@vite/client:1766
[ 1253890ms] [ERROR] WebSocket connection to 'ws://localhost:4322/' failed: Error in connection establishment: net::ERR_CONNECTION_REFUSED @ http://localhost:4322/@vite/client:1766
[ 1256418ms] [ERROR] WebSocket connection to 'ws://localhost:4322/' failed: Error in connection establishment: net::ERR_CONNECTION_REFUSED @ http://localhost:4322/@vite/client:1766
[ 1261400ms] [ERROR] WebSocket connection to 'ws://localhost:4322/' failed: Error in connection establishment: net::ERR_CONNECTION_REFUSED @ http://localhost:4322/@vite/client:1766
[ 1263624ms] [ERROR] WebSocket connection to 'ws://localhost:4322/' failed: Error in connection establishment: net::ERR_CONNECTION_REFUSED @ http://localhost:4322/@vite/client:1766
[ 1268184ms] [ERROR] WebSocket connection to 'ws://localhost:4322/' failed: Error in connection establishment: net::ERR_CONNECTION_REFUSED @ http://localhost:4322/@vite/client:1766
[ 1272727ms] [ERROR] WebSocket connection to 'ws://localhost:4322/' failed: Error in connection establishment: net::ERR_CONNECTION_REFUSED @ http://localhost:4322/@vite/client:1766
[ 1277119ms] [ERROR] WebSocket connection to 'ws://localhost:4322/' failed: Error in connection establishment: net::ERR_CONNECTION_REFUSED @ http://localhost:4322/@vite/client:1766
[ 1279974ms] [ERROR] WebSocket connection to 'ws://localhost:4322/' failed: Error in connection establishment: net::ERR_CONNECTION_REFUSED @ http://localhost:4322/@vite/client:1766
[ 1284312ms] [ERROR] WebSocket connection to 'ws://localhost:4322/' failed: Error in connection establishment: net::ERR_CONNECTION_REFUSED @ http://localhost:4322/@vite/client:1766
[ 1286608ms] [ERROR] WebSocket connection to 'ws://localhost:4322/' failed: Error in connection establishment: net::ERR_CONNECTION_REFUSED @ http://localhost:4322/@vite/client:1766
[ 1291346ms] [ERROR] WebSocket connection to 'ws://localhost:4322/' failed: Error in connection establishment: net::ERR_CONNECTION_REFUSED @ http://localhost:4322/@vite/client:1766
[ 1295054ms] [ERROR] WebSocket connection to 'ws://localhost:4322/' failed: Error in connection establishment: net::ERR_CONNECTION_REFUSED @ http://localhost:4322/@vite/client:1766
[ 1300819ms] [ERROR] WebSocket connection to 'ws://localhost:4322/' failed: Error in connection establishment: net::ERR_CONNECTION_REFUSED @ http://localhost:4322/@vite/client:1766
[ 1306123ms] [ERROR] WebSocket connection to 'ws://localhost:4322/' failed: Error in connection establishment: net::ERR_CONNECTION_REFUSED @ http://localhost:4322/@vite/client:1766
[ 1309993ms] [ERROR] WebSocket connection to 'ws://localhost:4322/' failed: Error in connection establishment: net::ERR_CONNECTION_REFUSED @ http://localhost:4322/@vite/client:1766
[ 1315948ms] [ERROR] WebSocket connection to 'ws://localhost:4322/' failed: Error in connection establishment: net::ERR_CONNECTION_REFUSED @ http://localhost:4322/@vite/client:1766
[ 1319966ms] [ERROR] WebSocket connection to 'ws://localhost:4322/' failed: Error in connection establishment: net::ERR_CONNECTION_REFUSED @ http://localhost:4322/@vite/client:1766
[ 1324811ms] [ERROR] WebSocket connection to 'ws://localhost:4322/' failed: Error in connection establishment: net::ERR_CONNECTION_REFUSED @ http://localhost:4322/@vite/client:1766
[ 1329486ms] [ERROR] WebSocket connection to 'ws://localhost:4322/' failed: Error in connection establishment: net::ERR_CONNECTION_REFUSED @ http://localhost:4322/@vite/client:1766
[ 1333728ms] [ERROR] WebSocket connection to 'ws://localhost:4322/' failed: Error in connection establishment: net::ERR_CONNECTION_REFUSED @ http://localhost:4322/@vite/client:1766
[ 1336219ms] [ERROR] WebSocket connection to 'ws://localhost:4322/' failed: Error in connection establishment: net::ERR_CONNECTION_REFUSED @ http://localhost:4322/@vite/client:1766
[ 1341773ms] [ERROR] WebSocket connection to 'ws://localhost:4322/' failed: Error in connection establishment: net::ERR_CONNECTION_REFUSED @ http://localhost:4322/@vite/client:1766
[ 1346461ms] [ERROR] WebSocket connection to 'ws://localhost:4322/' failed: Error in connection establishment: net::ERR_CONNECTION_REFUSED @ http://localhost:4322/@vite/client:1766
[ 1350602ms] [ERROR] WebSocket connection to 'ws://localhost:4322/' failed: Error in connection establishment: net::ERR_CONNECTION_REFUSED @ http://localhost:4322/@vite/client:1766
[ 1355443ms] [ERROR] WebSocket connection to 'ws://localhost:4322/' failed: Error in connection establishment: net::ERR_CONNECTION_REFUSED @ http://localhost:4322/@vite/client:1766
[ 1359599ms] [ERROR] WebSocket connection to 'ws://localhost:4322/' failed: Error in connection establishment: net::ERR_CONNECTION_REFUSED @ http://localhost:4322/@vite/client:1766
[ 1362636ms] [ERROR] WebSocket connection to 'ws://localhost:4322/' failed: Error in connection establishment: net::ERR_CONNECTION_REFUSED @ http://localhost:4322/@vite/client:1766
[ 1367650ms] [ERROR] WebSocket connection to 'ws://localhost:4322/' failed: Error in connection establishment: net::ERR_CONNECTION_REFUSED @ http://localhost:4322/@vite/client:1766
[ 1371848ms] [ERROR] WebSocket connection to 'ws://localhost:4322/' failed: Error in connection establishment: net::ERR_CONNECTION_REFUSED @ http://localhost:4322/@vite/client:1766
[ 1376565ms] [ERROR] WebSocket connection to 'ws://localhost:4322/' failed: Error in connection establishment: net::ERR_CONNECTION_REFUSED @ http://localhost:4322/@vite/client:1766
[ 1378962ms] [ERROR] WebSocket connection to 'ws://localhost:4322/' failed: Error in connection establishment: net::ERR_CONNECTION_REFUSED @ http://localhost:4322/@vite/client:1766
[ 1381057ms] [ERROR] WebSocket connection to 'ws://localhost:4322/' failed: Error in connection establishment: net::ERR_CONNECTION_REFUSED @ http://localhost:4322/@vite/client:1766
[ 1386257ms] [ERROR] WebSocket connection to 'ws://localhost:4322/' failed: Error in connection establishment: net::ERR_CONNECTION_REFUSED @ http://localhost:4322/@vite/client:1766
[ 1388786ms] [ERROR] WebSocket connection to 'ws://localhost:4322/' failed: Error in connection establishment: net::ERR_CONNECTION_REFUSED @ http://localhost:4322/@vite/client:1766
[ 1392807ms] [ERROR] WebSocket connection to 'ws://localhost:4322/' failed: Error in connection establishment: net::ERR_CONNECTION_REFUSED @ http://localhost:4322/@vite/client:1766
[ 1395421ms] [ERROR] WebSocket connection to 'ws://localhost:4322/' failed: Error in connection establishment: net::ERR_CONNECTION_REFUSED @ http://localhost:4322/@vite/client:1766
[ 1397574ms] [ERROR] WebSocket connection to 'ws://localhost:4322/' failed: Error in connection establishment: net::ERR_CONNECTION_REFUSED @ http://localhost:4322/@vite/client:1766
[ 1402941ms] [ERROR] WebSocket connection to 'ws://localhost:4322/' failed: Error in connection establishment: net::ERR_CONNECTION_REFUSED @ http://localhost:4322/@vite/client:1766
[ 1407886ms] [ERROR] WebSocket connection to 'ws://localhost:4322/' failed: Error in connection establishment: net::ERR_CONNECTION_REFUSED @ http://localhost:4322/@vite/client:1766
[ 1410980ms] [ERROR] WebSocket connection to 'ws://localhost:4322/' failed: Error in connection establishment: net::ERR_CONNECTION_REFUSED @ http://localhost:4322/@vite/client:1766
[ 1414077ms] [ERROR] WebSocket connection to 'ws://localhost:4322/' failed: Error in connection establishment: net::ERR_CONNECTION_REFUSED @ http://localhost:4322/@vite/client:1766
[ 1417650ms] [ERROR] WebSocket connection to 'ws://localhost:4322/' failed: Error in connection establishment: net::ERR_CONNECTION_REFUSED @ http://localhost:4322/@vite/client:1766
[ 1422077ms] [ERROR] WebSocket connection to 'ws://localhost:4322/' failed: Error in connection establishment: net::ERR_CONNECTION_REFUSED @ http://localhost:4322/@vite/client:1766
[ 1424692ms] [ERROR] WebSocket connection to 'ws://localhost:4322/' failed: Error in connection establishment: net::ERR_CONNECTION_REFUSED @ http://localhost:4322/@vite/client:1766
[ 1426861ms] [ERROR] WebSocket connection to 'ws://localhost:4322/' failed: Error in connection establishment: net::ERR_CONNECTION_REFUSED @ http://localhost:4322/@vite/client:1766
[ 1429474ms] [ERROR] WebSocket connection to 'ws://localhost:4322/' failed: Error in connection establishment: net::ERR_CONNECTION_REFUSED @ http://localhost:4322/@vite/client:1766
[ 1432994ms] [ERROR] WebSocket connection to 'ws://localhost:4322/' failed: Error in connection establishment: net::ERR_CONNECTION_REFUSED @ http://localhost:4322/@vite/client:1766
[ 1436548ms] [ERROR] WebSocket connection to 'ws://localhost:4322/' failed: Error in connection establishment: net::ERR_CONNECTION_REFUSED @ http://localhost:4322/@vite/client:1766
[ 1441686ms] [ERROR] WebSocket connection to 'ws://localhost:4322/' failed: Error in connection establishment: net::ERR_CONNECTION_REFUSED @ http://localhost:4322/@vite/client:1766
[ 1447470ms] [ERROR] WebSocket connection to 'ws://localhost:4322/' failed: Error in connection establishment: net::ERR_CONNECTION_REFUSED @ http://localhost:4322/@vite/client:1766
[ 1450621ms] [ERROR] WebSocket connection to 'ws://localhost:4322/' failed: Error in connection establishment: net::ERR_CONNECTION_REFUSED @ http://localhost:4322/@vite/client:1766
[ 1454049ms] [ERROR] WebSocket connection to 'ws://localhost:4322/' failed: Error in connection establishment: net::ERR_CONNECTION_REFUSED @ http://localhost:4322/@vite/client:1766
[ 1457320ms] [ERROR] WebSocket connection to 'ws://localhost:4322/' failed: Error in connection establishment: net::ERR_CONNECTION_REFUSED @ http://localhost:4322/@vite/client:1766
[ 1460795ms] [ERROR] WebSocket connection to 'ws://localhost:4322/' failed: Error in connection establishment: net::ERR_CONNECTION_REFUSED @ http://localhost:4322/@vite/client:1766
[ 1465855ms] [ERROR] WebSocket connection to 'ws://localhost:4322/' failed: Error in connection establishment: net::ERR_CONNECTION_REFUSED @ http://localhost:4322/@vite/client:1766
[ 1470949ms] [ERROR] WebSocket connection to 'ws://localhost:4322/' failed: Error in connection establishment: net::ERR_CONNECTION_REFUSED @ http://localhost:4322/@vite/client:1766
[ 1476020ms] [ERROR] WebSocket connection to 'ws://localhost:4322/' failed: Error in connection establishment: net::ERR_CONNECTION_REFUSED @ http://localhost:4322/@vite/client:1766
[ 1480109ms] [ERROR] WebSocket connection to 'ws://localhost:4322/' failed: Error in connection establishment: net::ERR_CONNECTION_REFUSED @ http://localhost:4322/@vite/client:1766
[ 1485173ms] [ERROR] WebSocket connection to 'ws://localhost:4322/' failed: Error in connection establishment: net::ERR_CONNECTION_REFUSED @ http://localhost:4322/@vite/client:1766
[ 1490498ms] [ERROR] WebSocket connection to 'ws://localhost:4322/' failed: Error in connection establishment: net::ERR_CONNECTION_REFUSED @ http://localhost:4322/@vite/client:1766
[ 1494828ms] [ERROR] WebSocket connection to 'ws://localhost:4322/' failed: Error in connection establishment: net::ERR_CONNECTION_REFUSED @ http://localhost:4322/@vite/client:1766
[ 1498866ms] [ERROR] WebSocket connection to 'ws://localhost:4322/' failed: Error in connection establishment: net::ERR_CONNECTION_REFUSED @ http://localhost:4322/@vite/client:1766
[ 1504019ms] [ERROR] WebSocket connection to 'ws://localhost:4322/' failed: Error in connection establishment: net::ERR_CONNECTION_REFUSED @ http://localhost:4322/@vite/client:1766
[ 1509856ms] [ERROR] WebSocket connection to 'ws://localhost:4322/' failed: Error in connection establishment: net::ERR_CONNECTION_REFUSED @ http://localhost:4322/@vite/client:1766
[ 1513303ms] [ERROR] WebSocket connection to 'ws://localhost:4322/' failed: Error in connection establishment: net::ERR_CONNECTION_REFUSED @ http://localhost:4322/@vite/client:1766
[ 1518323ms] [ERROR] WebSocket connection to 'ws://localhost:4322/' failed: Error in connection establishment: net::ERR_CONNECTION_REFUSED @ http://localhost:4322/@vite/client:1766
[ 1524098ms] [ERROR] WebSocket connection to 'ws://localhost:4322/' failed: Error in connection establishment: net::ERR_CONNECTION_REFUSED @ http://localhost:4322/@vite/client:1766
[ 1529124ms] [ERROR] WebSocket connection to 'ws://localhost:4322/' failed: Error in connection establishment: net::ERR_CONNECTION_REFUSED @ http://localhost:4322/@vite/client:1766
[ 1534210ms] [ERROR] WebSocket connection to 'ws://localhost:4322/' failed: Error in connection establishment: net::ERR_CONNECTION_REFUSED @ http://localhost:4322/@vite/client:1766
[ 1536619ms] [ERROR] WebSocket connection to 'ws://localhost:4322/' failed: Error in connection establishment: net::ERR_CONNECTION_REFUSED @ http://localhost:4322/@vite/client:1766
[ 1540033ms] [ERROR] WebSocket connection to 'ws://localhost:4322/' failed: Error in connection establishment: net::ERR_CONNECTION_REFUSED @ http://localhost:4322/@vite/client:1766
[ 1545677ms] [ERROR] WebSocket connection to 'ws://localhost:4322/' failed: Error in connection establishment: net::ERR_CONNECTION_REFUSED @ http://localhost:4322/@vite/client:1766
[ 1551210ms] [ERROR] WebSocket connection to 'ws://localhost:4322/' failed: Error in connection establishment: net::ERR_CONNECTION_REFUSED @ http://localhost:4322/@vite/client:1766
[ 1553579ms] [ERROR] WebSocket connection to 'ws://localhost:4322/' failed: Error in connection establishment: net::ERR_CONNECTION_REFUSED @ http://localhost:4322/@vite/client:1766
[ 1558695ms] [ERROR] WebSocket connection to 'ws://localhost:4322/' failed: Error in connection establishment: net::ERR_CONNECTION_REFUSED @ http://localhost:4322/@vite/client:1766
[ 1563995ms] [ERROR] WebSocket connection to 'ws://localhost:4322/' failed: Error in connection establishment: net::ERR_CONNECTION_REFUSED @ http://localhost:4322/@vite/client:1766
[ 1566232ms] [ERROR] WebSocket connection to 'ws://localhost:4322/' failed: Error in connection establishment: net::ERR_CONNECTION_REFUSED @ http://localhost:4322/@vite/client:1766
[ 1570044ms] [ERROR] WebSocket connection to 'ws://localhost:4322/' failed: Error in connection establishment: net::ERR_CONNECTION_REFUSED @ http://localhost:4322/@vite/client:1766
[ 1573120ms] [ERROR] WebSocket connection to 'ws://localhost:4322/' failed: Error in connection establishment: net::ERR_CONNECTION_REFUSED @ http://localhost:4322/@vite/client:1766
[ 1577935ms] [ERROR] WebSocket connection to 'ws://localhost:4322/' failed: Error in connection establishment: net::ERR_CONNECTION_REFUSED @ http://localhost:4322/@vite/client:1766
[ 1581715ms] [ERROR] WebSocket connection to 'ws://localhost:4322/' failed: Error in connection establishment: net::ERR_CONNECTION_REFUSED @ http://localhost:4322/@vite/client:1766
[ 1584175ms] [ERROR] WebSocket connection to 'ws://localhost:4322/' failed: Error in connection establishment: net::ERR_CONNECTION_REFUSED @ http://localhost:4322/@vite/client:1766
[ 1588245ms] [ERROR] WebSocket connection to 'ws://localhost:4322/' failed: Error in connection establishment: net::ERR_CONNECTION_REFUSED @ http://localhost:4322/@vite/client:1766
[ 1592190ms] [ERROR] WebSocket connection to 'ws://localhost:4322/' failed: Error in connection establishment: net::ERR_CONNECTION_REFUSED @ http://localhost:4322/@vite/client:1766
[ 1597452ms] [ERROR] WebSocket connection to 'ws://localhost:4322/' failed: Error in connection establishment: net::ERR_CONNECTION_REFUSED @ http://localhost:4322/@vite/client:1766
[ 1602336ms] [ERROR] WebSocket connection to 'ws://localhost:4322/' failed: Error in connection establishment: net::ERR_CONNECTION_REFUSED @ http://localhost:4322/@vite/client:1766
[ 1605535ms] [ERROR] WebSocket connection to 'ws://localhost:4322/' failed: Error in connection establishment: net::ERR_CONNECTION_REFUSED @ http://localhost:4322/@vite/client:1766
[ 1611440ms] [ERROR] WebSocket connection to 'ws://localhost:4322/' failed: Error in connection establishment: net::ERR_CONNECTION_REFUSED @ http://localhost:4322/@vite/client:1766
[ 1616510ms] [ERROR] WebSocket connection to 'ws://localhost:4322/' failed: Error in connection establishment: net::ERR_CONNECTION_REFUSED @ http://localhost:4322/@vite/client:1766
[ 1620782ms] [ERROR] WebSocket connection to 'ws://localhost:4322/' failed: Error in connection establishment: net::ERR_CONNECTION_REFUSED @ http://localhost:4322/@vite/client:1766
[ 1625423ms] [ERROR] WebSocket connection to 'ws://localhost:4322/' failed: Error in connection establishment: net::ERR_CONNECTION_REFUSED @ http://localhost:4322/@vite/client:1766
[ 1628803ms] [ERROR] WebSocket connection to 'ws://localhost:4322/' failed: Error in connection establishment: net::ERR_CONNECTION_REFUSED @ http://localhost:4322/@vite/client:1766
[ 1631748ms] [ERROR] WebSocket connection to 'ws://localhost:4322/' failed: Error in connection establishment: net::ERR_CONNECTION_REFUSED @ http://localhost:4322/@vite/client:1766
[ 1634573ms] [ERROR] WebSocket connection to 'ws://localhost:4322/' failed: Error in connection establishment: net::ERR_CONNECTION_REFUSED @ http://localhost:4322/@vite/client:1766
[ 1639360ms] [ERROR] WebSocket connection to 'ws://localhost:4322/' failed: Error in connection establishment: net::ERR_CONNECTION_REFUSED @ http://localhost:4322/@vite/client:1766
[ 1643069ms] [ERROR] WebSocket connection to 'ws://localhost:4322/' failed: Error in connection establishment: net::ERR_CONNECTION_REFUSED @ http://localhost:4322/@vite/client:1766
[ 1646060ms] [ERROR] WebSocket connection to 'ws://localhost:4322/' failed: Error in connection establishment: net::ERR_CONNECTION_REFUSED @ http://localhost:4322/@vite/client:1766
[ 1649707ms] [ERROR] WebSocket connection to 'ws://localhost:4322/' failed: Error in connection establishment: net::ERR_CONNECTION_REFUSED @ http://localhost:4322/@vite/client:1766
[ 1651815ms] [ERROR] WebSocket connection to 'ws://localhost:4322/' failed: Error in connection establishment: net::ERR_CONNECTION_REFUSED @ http://localhost:4322/@vite/client:1766
[ 1656510ms] [ERROR] WebSocket connection to 'ws://localhost:4322/' failed: Error in connection establishment: net::ERR_CONNECTION_REFUSED @ http://localhost:4322/@vite/client:1766
[ 1659953ms] [ERROR] WebSocket connection to 'ws://localhost:4322/' failed: Error in connection establishment: net::ERR_CONNECTION_REFUSED @ http://localhost:4322/@vite/client:1766
[ 1663798ms] [ERROR] WebSocket connection to 'ws://localhost:4322/' failed: Error in connection establishment: net::ERR_CONNECTION_REFUSED @ http://localhost:4322/@vite/client:1766
[ 1669019ms] [ERROR] WebSocket connection to 'ws://localhost:4322/' failed: Error in connection establishment: net::ERR_CONNECTION_REFUSED @ http://localhost:4322/@vite/client:1766
[ 1673999ms] [ERROR] WebSocket connection to 'ws://localhost:4322/' failed: Error in connection establishment: net::ERR_CONNECTION_REFUSED @ http://localhost:4322/@vite/client:1766
[ 1676557ms] [ERROR] WebSocket connection to 'ws://localhost:4322/' failed: Error in connection establishment: net::ERR_CONNECTION_REFUSED @ http://localhost:4322/@vite/client:1766
[ 1678974ms] [ERROR] WebSocket connection to 'ws://localhost:4322/' failed: Error in connection establishment: net::ERR_CONNECTION_REFUSED @ http://localhost:4322/@vite/client:1766
[ 1681464ms] [ERROR] WebSocket connection to 'ws://localhost:4322/' failed: Error in connection establishment: net::ERR_CONNECTION_REFUSED @ http://localhost:4322/@vite/client:1766
[ 1684980ms] [ERROR] WebSocket connection to 'ws://localhost:4322/' failed: Error in connection establishment: net::ERR_CONNECTION_REFUSED @ http://localhost:4322/@vite/client:1766
[ 1688060ms] [ERROR] WebSocket connection to 'ws://localhost:4322/' failed: Error in connection establishment: net::ERR_CONNECTION_REFUSED @ http://localhost:4322/@vite/client:1766
[ 1692899ms] [ERROR] WebSocket connection to 'ws://localhost:4322/' failed: Error in connection establishment: net::ERR_CONNECTION_REFUSED @ http://localhost:4322/@vite/client:1766
[ 1696852ms] [ERROR] WebSocket connection to 'ws://localhost:4322/' failed: Error in connection establishment: net::ERR_CONNECTION_REFUSED @ http://localhost:4322/@vite/client:1766
[ 1701077ms] [ERROR] WebSocket connection to 'ws://localhost:4322/' failed: Error in connection establishment: net::ERR_CONNECTION_REFUSED @ http://localhost:4322/@vite/client:1766
[ 1706919ms] [ERROR] WebSocket connection to 'ws://localhost:4322/' failed: Error in connection establishment: net::ERR_CONNECTION_REFUSED @ http://localhost:4322/@vite/client:1766
[ 1709060ms] [ERROR] WebSocket connection to 'ws://localhost:4322/' failed: Error in connection establishment: net::ERR_CONNECTION_REFUSED @ http://localhost:4322/@vite/client:1766
[ 1713760ms] [ERROR] WebSocket connection to 'ws://localhost:4322/' failed: Error in connection establishment: net::ERR_CONNECTION_REFUSED @ http://localhost:4322/@vite/client:1766
[ 1718057ms] [ERROR] WebSocket connection to 'ws://localhost:4322/' failed: Error in connection establishment: net::ERR_CONNECTION_REFUSED @ http://localhost:4322/@vite/client:1766
[ 1720602ms] [ERROR] WebSocket connection to 'ws://localhost:4322/' failed: Error in connection establishment: net::ERR_CONNECTION_REFUSED @ http://localhost:4322/@vite/client:1766
[ 1723253ms] [ERROR] WebSocket connection to 'ws://localhost:4322/' failed: Error in connection establishment: net::ERR_CONNECTION_REFUSED @ http://localhost:4322/@vite/client:1766
[ 1728402ms] [ERROR] WebSocket connection to 'ws://localhost:4322/' failed: Error in connection establishment: net::ERR_CONNECTION_REFUSED @ http://localhost:4322/@vite/client:1766
[ 1733840ms] [ERROR] WebSocket connection to 'ws://localhost:4322/' failed: Error in connection establishment: net::ERR_CONNECTION_REFUSED @ http://localhost:4322/@vite/client:1766
[ 1736104ms] [ERROR] WebSocket connection to 'ws://localhost:4322/' failed: Error in connection establishment: net::ERR_CONNECTION_REFUSED @ http://localhost:4322/@vite/client:1766
[ 1741419ms] [ERROR] WebSocket connection to 'ws://localhost:4322/' failed: Error in connection establishment: net::ERR_CONNECTION_REFUSED @ http://localhost:4322/@vite/client:1766
[ 1744181ms] [ERROR] WebSocket connection to 'ws://localhost:4322/' failed: Error in connection establishment: net::ERR_CONNECTION_REFUSED @ http://localhost:4322/@vite/client:1766
[ 1748786ms] [ERROR] WebSocket connection to 'ws://localhost:4322/' failed: Error in connection establishment: net::ERR_CONNECTION_REFUSED @ http://localhost:4322/@vite/client:1766
[ 1751714ms] [ERROR] WebSocket connection to 'ws://localhost:4322/' failed: Error in connection establishment: net::ERR_CONNECTION_REFUSED @ http://localhost:4322/@vite/client:1766
[ 1754048ms] [ERROR] WebSocket connection to 'ws://localhost:4322/' failed: Error in connection establishment: net::ERR_CONNECTION_REFUSED @ http://localhost:4322/@vite/client:1766
[ 1757765ms] [ERROR] WebSocket connection to 'ws://localhost:4322/' failed: Error in connection establishment: net::ERR_CONNECTION_REFUSED @ http://localhost:4322/@vite/client:1766
[ 1763536ms] [ERROR] WebSocket connection to 'ws://localhost:4322/' failed: Error in connection establishment: net::ERR_CONNECTION_REFUSED @ http://localhost:4322/@vite/client:1766
[ 1769076ms] [ERROR] WebSocket connection to 'ws://localhost:4322/' failed: Error in connection establishment: net::ERR_CONNECTION_REFUSED @ http://localhost:4322/@vite/client:1766
[ 1771996ms] [ERROR] WebSocket connection to 'ws://localhost:4322/' failed: Error in connection establishment: net::ERR_CONNECTION_REFUSED @ http://localhost:4322/@vite/client:1766
[ 1774768ms] [ERROR] WebSocket connection to 'ws://localhost:4322/' failed: Error in connection establishment: net::ERR_CONNECTION_REFUSED @ http://localhost:4322/@vite/client:1766
[ 1777338ms] [ERROR] WebSocket connection to 'ws://localhost:4322/' failed: Error in connection establishment: net::ERR_CONNECTION_REFUSED @ http://localhost:4322/@vite/client:1766
[ 1781160ms] [ERROR] WebSocket connection to 'ws://localhost:4322/' failed: Error in connection establishment: net::ERR_CONNECTION_REFUSED @ http://localhost:4322/@vite/client:1766
[ 1786057ms] [ERROR] WebSocket connection to 'ws://localhost:4322/' failed: Error in connection establishment: net::ERR_CONNECTION_REFUSED @ http://localhost:4322/@vite/client:1766
[ 1791724ms] [ERROR] WebSocket connection to 'ws://localhost:4322/' failed: Error in connection establishment: net::ERR_CONNECTION_REFUSED @ http://localhost:4322/@vite/client:1766
[ 1796273ms] [ERROR] WebSocket connection to 'ws://localhost:4322/' failed: Error in connection establishment: net::ERR_CONNECTION_REFUSED @ http://localhost:4322/@vite/client:1766
[ 1801675ms] [ERROR] WebSocket connection to 'ws://localhost:4322/' failed: Error in connection establishment: net::ERR_CONNECTION_REFUSED @ http://localhost:4322/@vite/client:1766
[ 1804617ms] [ERROR] WebSocket connection to 'ws://localhost:4322/' failed: Error in connection establishment: net::ERR_CONNECTION_REFUSED @ http://localhost:4322/@vite/client:1766
[ 1808920ms] [ERROR] WebSocket connection to 'ws://localhost:4322/' failed: Error in connection establishment: net::ERR_CONNECTION_REFUSED @ http://localhost:4322/@vite/client:1766
[ 1811496ms] [ERROR] WebSocket connection to 'ws://localhost:4322/' failed: Error in connection establishment: net::ERR_CONNECTION_REFUSED @ http://localhost:4322/@vite/client:1766
[ 1816981ms] [ERROR] WebSocket connection to 'ws://localhost:4322/' failed: Error in connection establishment: net::ERR_CONNECTION_REFUSED @ http://localhost:4322/@vite/client:1766
[ 1822696ms] [ERROR] WebSocket connection to 'ws://localhost:4322/' failed: Error in connection establishment: net::ERR_CONNECTION_REFUSED @ http://localhost:4322/@vite/client:1766
[ 1828240ms] [ERROR] WebSocket connection to 'ws://localhost:4322/' failed: Error in connection establishment: net::ERR_CONNECTION_REFUSED @ http://localhost:4322/@vite/client:1766
[ 1833711ms] [ERROR] WebSocket connection to 'ws://localhost:4322/' failed: Error in connection establishment: net::ERR_CONNECTION_REFUSED @ http://localhost:4322/@vite/client:1766
[ 1838515ms] [ERROR] WebSocket connection to 'ws://localhost:4322/' failed: Error in connection establishment: net::ERR_CONNECTION_REFUSED @ http://localhost:4322/@vite/client:1766
[ 1840893ms] [ERROR] WebSocket connection to 'ws://localhost:4322/' failed: Error in connection establishment: net::ERR_CONNECTION_REFUSED @ http://localhost:4322/@vite/client:1766
[ 1843358ms] [ERROR] WebSocket connection to 'ws://localhost:4322/' failed: Error in connection establishment: net::ERR_CONNECTION_REFUSED @ http://localhost:4322/@vite/client:1766
[ 1845399ms] [ERROR] WebSocket connection to 'ws://localhost:4322/' failed: Error in connection establishment: net::ERR_CONNECTION_REFUSED @ http://localhost:4322/@vite/client:1766
[ 1850928ms] [ERROR] WebSocket connection to 'ws://localhost:4322/' failed: Error in connection establishment: net::ERR_CONNECTION_REFUSED @ http://localhost:4322/@vite/client:1766
[ 1853162ms] [ERROR] WebSocket connection to 'ws://localhost:4322/' failed: Error in connection establishment: net::ERR_CONNECTION_REFUSED @ http://localhost:4322/@vite/client:1766
[ 1858754ms] [ERROR] WebSocket connection to 'ws://localhost:4322/' failed: Error in connection establishment: net::ERR_CONNECTION_REFUSED @ http://localhost:4322/@vite/client:1766
[ 1863298ms] [ERROR] WebSocket connection to 'ws://localhost:4322/' failed: Error in connection establishment: net::ERR_CONNECTION_REFUSED @ http://localhost:4322/@vite/client:1766
[ 1865699ms] [ERROR] WebSocket connection to 'ws://localhost:4322/' failed: Error in connection establishment: net::ERR_CONNECTION_REFUSED @ http://localhost:4322/@vite/client:1766
[ 1869873ms] [ERROR] WebSocket connection to 'ws://localhost:4322/' failed: Error in connection establishment: net::ERR_CONNECTION_REFUSED @ http://localhost:4322/@vite/client:1766
[ 1875667ms] [ERROR] WebSocket connection to 'ws://localhost:4322/' failed: Error in connection establishment: net::ERR_CONNECTION_REFUSED @ http://localhost:4322/@vite/client:1766
[ 1879335ms] [ERROR] WebSocket connection to 'ws://localhost:4322/' failed: Error in connection establishment: net::ERR_CONNECTION_REFUSED @ http://localhost:4322/@vite/client:1766
[ 1885285ms] [ERROR] WebSocket connection to 'ws://localhost:4322/' failed: Error in connection establishment: net::ERR_CONNECTION_REFUSED @ http://localhost:4322/@vite/client:1766
[ 1889152ms] [ERROR] WebSocket connection to 'ws://localhost:4322/' failed: Error in connection establishment: net::ERR_CONNECTION_REFUSED @ http://localhost:4322/@vite/client:1766
[ 1891985ms] [ERROR] WebSocket connection to 'ws://localhost:4322/' failed: Error in connection establishment: net::ERR_CONNECTION_REFUSED @ http://localhost:4322/@vite/client:1766
[ 1895864ms] [ERROR] WebSocket connection to 'ws://localhost:4322/' failed: Error in connection establishment: net::ERR_CONNECTION_REFUSED @ http://localhost:4322/@vite/client:1766
[ 1901641ms] [ERROR] WebSocket connection to 'ws://localhost:4322/' failed: Error in connection establishment: net::ERR_CONNECTION_REFUSED @ http://localhost:4322/@vite/client:1766
[ 1905710ms] [ERROR] WebSocket connection to 'ws://localhost:4322/' failed: Error in connection establishment: net::ERR_CONNECTION_REFUSED @ http://localhost:4322/@vite/client:1766
[ 1910619ms] [ERROR] WebSocket connection to 'ws://localhost:4322/' failed: Error in connection establishment: net::ERR_CONNECTION_REFUSED @ http://localhost:4322/@vite/client:1766
[ 1913544ms] [ERROR] WebSocket connection to 'ws://localhost:4322/' failed: Error in connection establishment: net::ERR_CONNECTION_REFUSED @ http://localhost:4322/@vite/client:1766
[ 1918561ms] [ERROR] WebSocket connection to 'ws://localhost:4322/' failed: Error in connection establishment: net::ERR_CONNECTION_REFUSED @ http://localhost:4322/@vite/client:1766
[ 1923511ms] [ERROR] WebSocket connection to 'ws://localhost:4322/' failed: Error in connection establishment: net::ERR_CONNECTION_REFUSED @ http://localhost:4322/@vite/client:1766
[ 1927894ms] [ERROR] WebSocket connection to 'ws://localhost:4322/' failed: Error in connection establishment: net::ERR_CONNECTION_REFUSED @ http://localhost:4322/@vite/client:1766
[ 1931552ms] [ERROR] WebSocket connection to 'ws://localhost:4322/' failed: Error in connection establishment: net::ERR_CONNECTION_REFUSED @ http://localhost:4322/@vite/client:1766
[ 1933844ms] [ERROR] WebSocket connection to 'ws://localhost:4322/' failed: Error in connection establishment: net::ERR_CONNECTION_REFUSED @ http://localhost:4322/@vite/client:1766
[ 1936335ms] [ERROR] WebSocket connection to 'ws://localhost:4322/' failed: Error in connection establishment: net::ERR_CONNECTION_REFUSED @ http://localhost:4322/@vite/client:1766
[ 1939099ms] [ERROR] WebSocket connection to 'ws://localhost:4322/' failed: Error in connection establishment: net::ERR_CONNECTION_REFUSED @ http://localhost:4322/@vite/client:1766
[ 1943279ms] [ERROR] WebSocket connection to 'ws://localhost:4322/' failed: Error in connection establishment: net::ERR_CONNECTION_REFUSED @ http://localhost:4322/@vite/client:1766
[ 1946711ms] [ERROR] WebSocket connection to 'ws://localhost:4322/' failed: Error in connection establishment: net::ERR_CONNECTION_REFUSED @ http://localhost:4322/@vite/client:1766
[ 1952008ms] [ERROR] WebSocket connection to 'ws://localhost:4322/' failed: Error in connection establishment: net::ERR_CONNECTION_REFUSED @ http://localhost:4322/@vite/client:1766
[ 1957082ms] [ERROR] WebSocket connection to 'ws://localhost:4322/' failed: Error in connection establishment: net::ERR_CONNECTION_REFUSED @ http://localhost:4322/@vite/client:1766
[ 1959619ms] [ERROR] WebSocket connection to 'ws://localhost:4322/' failed: Error in connection establishment: net::ERR_CONNECTION_REFUSED @ http://localhost:4322/@vite/client:1766
[ 1963545ms] [ERROR] WebSocket connection to 'ws://localhost:4322/' failed: Error in connection establishment: net::ERR_CONNECTION_REFUSED @ http://localhost:4322/@vite/client:1766
[ 1968856ms] [ERROR] WebSocket connection to 'ws://localhost:4322/' failed: Error in connection establishment: net::ERR_CONNECTION_REFUSED @ http://localhost:4322/@vite/client:1766
[ 1974240ms] [ERROR] WebSocket connection to 'ws://localhost:4322/' failed: Error in connection establishment: net::ERR_CONNECTION_REFUSED @ http://localhost:4322/@vite/client:1766
[ 1978585ms] [ERROR] WebSocket connection to 'ws://localhost:4322/' failed: Error in connection establishment: net::ERR_CONNECTION_REFUSED @ http://localhost:4322/@vite/client:1766
[ 1984173ms] [ERROR] WebSocket connection to 'ws://localhost:4322/' failed: Error in connection establishment: net::ERR_CONNECTION_REFUSED @ http://localhost:4322/@vite/client:1766
[ 1988931ms] [ERROR] WebSocket connection to 'ws://localhost:4322/' failed: Error in connection establishment: net::ERR_CONNECTION_REFUSED @ http://localhost:4322/@vite/client:1766
[ 1994086ms] [ERROR] WebSocket connection to 'ws://localhost:4322/' failed: Error in connection establishment: net::ERR_CONNECTION_REFUSED @ http://localhost:4322/@vite/client:1766
[ 1998706ms] [ERROR] WebSocket connection to 'ws://localhost:4322/' failed: Error in connection establishment: net::ERR_CONNECTION_REFUSED @ http://localhost:4322/@vite/client:1766
[ 2003044ms] [ERROR] WebSocket connection to 'ws://localhost:4322/' failed: Error in connection establishment: net::ERR_CONNECTION_REFUSED @ http://localhost:4322/@vite/client:1766
[ 2005398ms] [ERROR] WebSocket connection to 'ws://localhost:4322/' failed: Error in connection establishment: net::ERR_CONNECTION_REFUSED @ http://localhost:4322/@vite/client:1766
[ 2009917ms] [ERROR] WebSocket connection to 'ws://localhost:4322/' failed: Error in connection establishment: net::ERR_CONNECTION_REFUSED @ http://localhost:4322/@vite/client:1766
[ 2012689ms] [ERROR] WebSocket connection to 'ws://localhost:4322/' failed: Error in connection establishment: net::ERR_CONNECTION_REFUSED @ http://localhost:4322/@vite/client:1766
[ 2015823ms] [ERROR] WebSocket connection to 'ws://localhost:4322/' failed: Error in connection establishment: net::ERR_CONNECTION_REFUSED @ http://localhost:4322/@vite/client:1766
[ 2020652ms] [ERROR] WebSocket connection to 'ws://localhost:4322/' failed: Error in connection establishment: net::ERR_CONNECTION_REFUSED @ http://localhost:4322/@vite/client:1766
[ 2025542ms] [ERROR] WebSocket connection to 'ws://localhost:4322/' failed: Error in connection establishment: net::ERR_CONNECTION_REFUSED @ http://localhost:4322/@vite/client:1766
[ 2028665ms] [ERROR] WebSocket connection to 'ws://localhost:4322/' failed: Error in connection establishment: net::ERR_CONNECTION_REFUSED @ http://localhost:4322/@vite/client:1766
[ 2033627ms] [ERROR] WebSocket connection to 'ws://localhost:4322/' failed: Error in connection establishment: net::ERR_CONNECTION_REFUSED @ http://localhost:4322/@vite/client:1766
[ 2039003ms] [ERROR] WebSocket connection to 'ws://localhost:4322/' failed: Error in connection establishment: net::ERR_CONNECTION_REFUSED @ http://localhost:4322/@vite/client:1766
[ 2041405ms] [ERROR] WebSocket connection to 'ws://localhost:4322/' failed: Error in connection establishment: net::ERR_CONNECTION_REFUSED @ http://localhost:4322/@vite/client:1766
[ 2044615ms] [ERROR] WebSocket connection to 'ws://localhost:4322/' failed: Error in connection establishment: net::ERR_CONNECTION_REFUSED @ http://localhost:4322/@vite/client:1766
[ 2048540ms] [ERROR] WebSocket connection to 'ws://localhost:4322/' failed: Error in connection establishment: net::ERR_CONNECTION_REFUSED @ http://localhost:4322/@vite/client:1766
[ 2052344ms] [ERROR] WebSocket connection to 'ws://localhost:4322/' failed: Error in connection establishment: net::ERR_CONNECTION_REFUSED @ http://localhost:4322/@vite/client:1766
[ 2055288ms] [ERROR] WebSocket connection to 'ws://localhost:4322/' failed: Error in connection establishment: net::ERR_CONNECTION_REFUSED @ http://localhost:4322/@vite/client:1766
[ 2056290ms] [ERROR] WebSocket connection to 'ws://localhost:4322/' failed: Error in connection establishment: net::ERR_CONNECTION_REFUSED @ http://localhost:4322/@vite/client:1766
[ 2057293ms] [ERROR] WebSocket connection to 'ws://localhost:4322/' failed: Error in connection establishment: net::ERR_CONNECTION_REFUSED @ http://localhost:4322/@vite/client:1766
[ 2058295ms] [ERROR] WebSocket connection to 'ws://localhost:4322/' failed: Error in connection establishment: net::ERR_CONNECTION_REFUSED @ http://localhost:4322/@vite/client:1766
[ 2059300ms] [ERROR] WebSocket connection to 'ws://localhost:4322/' failed: Error in connection establishment: net::ERR_CONNECTION_REFUSED @ http://localhost:4322/@vite/client:1766
[ 2060302ms] [ERROR] WebSocket connection to 'ws://localhost:4322/' failed: Error in connection establishment: net::ERR_CONNECTION_REFUSED @ http://localhost:4322/@vite/client:1766
[ 2061308ms] [ERROR] WebSocket connection to 'ws://localhost:4322/' failed: Error in connection establishment: net::ERR_CONNECTION_REFUSED @ http://localhost:4322/@vite/client:1766
[ 2062314ms] [ERROR] WebSocket connection to 'ws://localhost:4322/' failed: Error in connection establishment: net::ERR_CONNECTION_REFUSED @ http://localhost:4322/@vite/client:1766
[ 2063336ms] [ERROR] WebSocket connection to 'ws://localhost:4322/' failed: Error in connection establishment: net::ERR_CONNECTION_REFUSED @ http://localhost:4322/@vite/client:1766
[ 2064351ms] [ERROR] WebSocket connection to 'ws://localhost:4322/' failed: Error in connection establishment: net::ERR_CONNECTION_REFUSED @ http://localhost:4322/@vite/client:1766
[ 2065431ms] [ERROR] WebSocket connection to 'ws://localhost:4322/' failed: Error in connection establishment: net::ERR_CONNECTION_REFUSED @ http://localhost:4322/@vite/client:1766
[ 2066502ms] [ERROR] WebSocket connection to 'ws://localhost:4322/' failed: Error in connection establishment: net::ERR_CONNECTION_REFUSED @ http://localhost:4322/@vite/client:1766
[ 2067714ms] [ERROR] WebSocket connection to 'ws://localhost:4322/' failed: Error in connection establishment: net::ERR_CONNECTION_REFUSED @ http://localhost:4322/@vite/client:1766
[ 2069152ms] [ERROR] WebSocket connection to 'ws://localhost:4322/' failed: Error in connection establishment: net::ERR_CONNECTION_REFUSED @ http://localhost:4322/@vite/client:1766
[ 2070711ms] [ERROR] WebSocket connection to 'ws://localhost:4322/' failed: Error in connection establishment: net::ERR_CONNECTION_REFUSED @ http://localhost:4322/@vite/client:1766
[ 2073002ms] [ERROR] WebSocket connection to 'ws://localhost:4322/' failed: Error in connection establishment: net::ERR_CONNECTION_REFUSED @ http://localhost:4322/@vite/client:1766
[ 2077328ms] [ERROR] WebSocket connection to 'ws://localhost:4322/' failed: Error in connection establishment: net::ERR_CONNECTION_REFUSED @ http://localhost:4322/@vite/client:1766
[ 2079698ms] [ERROR] WebSocket connection to 'ws://localhost:4322/' failed: Error in connection establishment: net::ERR_CONNECTION_REFUSED @ http://localhost:4322/@vite/client:1766
[ 2084798ms] [ERROR] WebSocket connection to 'ws://localhost:4322/' failed: Error in connection establishment: net::ERR_CONNECTION_REFUSED @ http://localhost:4322/@vite/client:1766
